name,bus,p_mw,vm_pu,sn_mva,min_q_mvar,max_q_mvar,scaling,slack,in_service,zone,slack_weight,min_p_mw,max_p_mw,bus_name,type,controllable,max_vm_pu,min_vm_pu,in_service_old_bess
Celtic,1,-250,1.05,,-325,25,1,FALSE,TRUE,10,0,-700,700,3205,49,TRUE,1.1,0.9,
Dromana BESS,2,0,1,105,-32.86841052,32.86841052,1,FALSE,FALSE,12,0,-100,100,,14,TRUE,1.1,0.9,
Curraghtown,4,0,1,,-98.60523155,98.60523155,1,FALSE,TRUE,7,0,0,300,,9,TRUE,1.1,0.9,
Test_PV_2,4,0,1,,-32,32,1,FALSE,FALSE,5,0,0,116,,23,TRUE,1.1,0.9,
Harlockstown solar ext,7,0,1,,-16.59854731,16.59854731,1,FALSE,FALSE,11,0,0,50.5,91026,23,TRUE,1.1,0.9,
Test_PV,8,0,1,,-32,32,1,FALSE,FALSE,5,0,0,95,,23,TRUE,1.1,0.9,
Gorman Solar,11,0,1,,-15.11946884,15.11946884,1,FALSE,TRUE,7,0,0,46,91022,23,TRUE,1.1,0.9,
Milltown,12,0,1,,-37.7986721,37.7986721,1,FALSE,TRUE,7,0,0,115,91021,23,TRUE,1.1,0.9,
Milltown ext,12,0,1,,-6.244997999,6.244997999,1,FALSE,TRUE,7,0,0,19,91021,23,TRUE,1.1,0.9,
Ballymoneen BESS,14,0,1,90,-24.65130789,24.65130789,1,FALSE,TRUE,2,0,-75,75,,14,TRUE,1.1,0.9,
Ballymoneen,14,0,1,,-37.7986721,37.7986721,1,FALSE,TRUE,2,0,0,115,91019,23,TRUE,1.1,0.9,
Ballymoneen ph 3,14,0,1,,-6.573682104,6.573682104,1,FALSE,TRUE,2,0,0,20,91019,23,TRUE,1.1,0.9,
Ballyroe ext,16,0,1,,-14.79078473,14.79078473,1,FALSE,TRUE,5,0,0,45,91017,23,TRUE,1.1,0.9,
Ballyroe,16,0,1,,-39.44209262,39.44209262,1,FALSE,TRUE,5,0,0,120,91017,23,TRUE,1.1,0.9,
Monvallet BESS,18,0,1,141.12,-44.17514374,44.17514374,1,FALSE,TRUE,7,0,-134.4,134.4,,14,TRUE,1.1,0.9,
Monvallet BESS ph2,18,0,1,122.85,-38.45604031,38.45604031,1,FALSE,FALSE,7,0,-117,117,,14,TRUE,1.1,0.9,
Monvallet,18,0,1,,-16.43420526,16.43420526,1,FALSE,TRUE,7,0,0,50,91015,23,TRUE,1.1,0.9,
Drumgoolan (monvallet ph2),18,0,1,,-24.65130789,24.65130789,1,FALSE,TRUE,7,0,0,75,,23,TRUE,1.1,0.9,
Monatoreen,20,0,1,,-8.90733925,8.90733925,1,FALSE,TRUE,10,0,0,27.1,91013,23,TRUE,1.1,0.9,
Blackwater bog,22,0,1,,-21.36446684,21.36446684,1,FALSE,TRUE,3,0,0,65,91011,23,TRUE,1.1,0.9,
Erkina 1and2,24,0,1,,-51.60340451,51.60340451,1,FALSE,TRUE,8,0,0,157,91009,23,TRUE,1.1,0.9,
Erkina extension,24,0,1,,-4.930261577,4.930261577,1,FALSE,TRUE,8,0,0,15,91009,23,TRUE,1.1,0.9,
Borrisbeg Wind Farm,25,0,1.05,,-17.74894168,17.74894168,1,FALSE,TRUE,8,0,0,54,,17,TRUE,1.1,0.9,
Clonin North,26,0,1,,-15.44815294,15.44815294,1,FALSE,TRUE,11,0,0,47,91007,23,TRUE,1.1,0.9,
Lysaghtstown,28,0,1,,-48.31656346,48.31656346,1,FALSE,TRUE,10,0,0,147,91003,23,TRUE,1.1,0.9,
Tracystown',30,0,1,,-33.22996303,33.22996303,1,FALSE,TRUE,9,0,0,101.1,91001,23,TRUE,1.1,0.9,
 'Woodhous_ph1',32,0,1.05,,-6.573682104,6.573682104,1,FALSE,TRUE,12,0,0,20,69335,17,TRUE,1.1,0.9,
      'Acres',34,0,1,,-5.751971841,5.751971841,1,FALSE,TRUE,1,0,0,17.5,69197,17,TRUE,1.1,0.9,
 'CappaghW_ph3',43,0,1.05,,-4.332056506,4.332056506,1,FALSE,TRUE,8,0,0,13.18,68410,17,TRUE,1.1,0.9,
Castlebanny,1831,0,1,,-45.39127493,45.39127493,1,FALSE,TRUE,9,0,0,138.6,,17,TRUE,1.1,0.9,
 'Corkemor_ph2',45,0,1.05,,-3.089630589,3.089630589,1,FALSE,TRUE,1,0,0,9.4,68407,17,TRUE,1.1,0.9,
 'Grove Hill',46,0,1.05,,-5.291814093,5.291814093,1,FALSE,TRUE,7,0,0,16.1,68404,17,TRUE,1.1,0.9,
 'Mully Graffy',47,0,1.05,,-9.827654745,9.827654745,1,FALSE,TRUE,1,0,0,29.9,68402,17,TRUE,1.1,0.9,
White Hill Wind,1825,0,1,,-16.5656789,16.5656789,1,FALSE,TRUE,9,0,0,50.4,,17,TRUE,1.1,0.9,
 'BlackLou_ph1',52,0,1,,-4.108551315,4.108551315,1,FALSE,TRUE,2,0,0,12.5,68312,17,TRUE,1.1,0.9,
 'Tullabra_ph1',53,0,1.05,,-4.535840651,4.535840651,1,FALSE,TRUE,4,0,0,13.8,68311,17,TRUE,1.1,0.9,
 'Meenad_S_ph2',54,0,1.05,,-1.774894168,1.774894168,1,FALSE,TRUE,1,0,0,5.4,68308,17,TRUE,1.1,0.9,
Pinewoods WF,1808,0,1,,-17.38738916,17.38738916,1,FALSE,TRUE,9,0,0,48,,17,TRUE,1.1,0.9,
 'Farranrory WF',1813,0,1,,-15.1,15.1,1,FALSE,TRUE,9,0,0,45,,17,TRUE,1.1,0.9,
 'Kilbereh_ph1',57,0,1.05,,-1.577355021,1.577355021,1,FALSE,TRUE,5,0,0,4.799,68303,17,TRUE,1.1,0.9,
  'Cleanrath',60,0,1.05,,-14.01509024,14.01509024,1,FALSE,TRUE,5,0,0,42.64,68297,17,TRUE,1.1,0.9,
 'Raragh_ph2',62,0,1.05,,-3.77986721,3.77986721,1,FALSE,TRUE,7,0,0,11.5,68294,17,TRUE,1.1,0.9,
 'Lisdowne_ph1',65,0,1.05,,-3.023893768,3.023893768,1,FALSE,TRUE,11,0,0,9.2,68285,17,TRUE,1.1,0.9,
 'BeamHill_ph2',66,0,1.04,,-2.267920326,2.267920326,1,FALSE,TRUE,1,0,0,6.9,68284,17,TRUE,1.1,0.9,
 'Cordal_ph2',68,0,1.05,,-29.53226685,29.53226685,1,FALSE,TRUE,5,0,0,89.85,68272,17,TRUE,1.1,0.9,
  'Kiltumper',70,0,1.05,,-1.640133685,1.640133685,1,FALSE,TRUE,4,0,0,4.99,68267,17,TRUE,1.1,0.9,
 'Teevurch_ph1',71,0,1,,-2.958156947,2.958156947,1,FALSE,TRUE,7,0,0,9,68265,17,TRUE,1.1,0.9,
 'Stack_Mounta',72,0,1.052,,-8.315707861,8.315707861,1,FALSE,TRUE,5,0,0,30,68262,17,TRUE,1.1,0.9,
 'Cronalag_ph2',73,0,1.05,,-5.903166529,5.903166529,1,FALSE,TRUE,1,0,0,17.96,68260,17,TRUE,1.1,0.9,
 'Carrowle_ph2',74,0,1,,-0.871012879,0.871012879,1,FALSE,TRUE,2,0,0,2.65,68254,17,TRUE,1.1,0.9,
 'Gortnahu_ph1',75,0,1.05,,-11.14239117,11.14239117,1,FALSE,TRUE,2,0,0,33.9,68247,17,TRUE,1.1,0.9,
 'Meenachu_ph2',76,0,1.05,,-0.6244998,0.6244998,1,FALSE,TRUE,1,0,0,1.9,68244,17,TRUE,1.1,0.9,
      'Fahan',77,0,1.04,,-1.643420526,1.643420526,1,FALSE,TRUE,1,0,0,5,68243,17,TRUE,1.1,0.9,
 'Dunmore_ph3',78,0,1.05,,-0.755973442,0.755973442,1,FALSE,TRUE,7,0,0,2.3,68241,17,TRUE,1.1,0.9,
 'Tullynam_ph1',79,0,1.05,,-6.244997998,6.244997998,1,FALSE,TRUE,7,0,0,19,68240,17,TRUE,1.1,0.9,
 'Gortnacloghy',80,0,1,,-1.511946884,1.511946884,1,FALSE,TRUE,5,0,0,4.6,68233,17,TRUE,1.1,0.9,
 'Knocknatalli',82,0,1.05,,-6.014919125,6.014919125,1,FALSE,TRUE,5,0,0,18.3,68224,17,TRUE,1.1,0.9,
 'Anarget_ph3',83,0,1,,-0.164342053,0.164342053,1,FALSE,TRUE,1,0,0,0.5,68223,17,TRUE,1.1,0.9,
 'GlantaComm2a',84,0,1.05,,-5.751971841,5.751971841,1,FALSE,TRUE,6,0,0,17.5,68222,17,TRUE,1.1,0.9,
 'Curraghd_ph1',85,0,1,,-1.479078473,1.479078473,1,FALSE,TRUE,5,0,0,4.5,68219,17,TRUE,1.1,0.9,
Ballymanus Wind Farm,1389,0,1,,-13.1,13.1,1,FALSE,TRUE,9,0,0,40,,17,TRUE,1.1,0.9,
 'Ballycum_ph1',86,15.3,1.05,,-5.916313893,5.916313893,1,FALSE,FALSE,9,0,0,18,68209,17,TRUE,1.1,0.9,
 'Lettergu_ph1',87,0,1.04,,-6.573682104,6.573682104,1,FALSE,TRUE,1,0,0,20,68204,17,TRUE,1.1,0.9,
 'Bunaveal_ph1',88,0,1.05,,-0.821710263,0.821710263,1,FALSE,TRUE,2,0,0,2.5,68202,17,TRUE,1.1,0.9,
  'Cooly_ph1',89,0,1.04,,-1.314736421,1.314736421,1,FALSE,TRUE,1,0,0,4,68195,17,TRUE,1.1,0.9,
 'Glencarb_ph1',91,0,1.05,,-10.84657547,10.84657547,1,FALSE,TRUE,8,0,0,33,68181,17,TRUE,1.1,0.9,
      'Cregg',92,0,1.05,,-7.576168624,7.576168624,1,FALSE,TRUE,7,0,0,23.05,68175,17,TRUE,1.1,0.9,
 'KilpaddogeWF',93,0,1.05,,-5.916313893,5.916313893,1,FALSE,TRUE,5,0,0,18,68165,17,TRUE,1.1,0.9,
 'Gurteen_ph1',94,0,1.05,,-0.755973442,0.755973442,1,FALSE,TRUE,8,0,0,2.3,68158,17,TRUE,1.1,0.9,
 'Holmes_H_ph1',95,0,1.05,,-3.15536741,3.15536741,1,FALSE,TRUE,8,0,0,9.6,68157,17,TRUE,1.1,0.9,
 'Glengool_ph1',96,0,1.05,,-1.511946884,1.511946884,1,FALSE,TRUE,8,0,0,4.6,68154,17,TRUE,1.1,0.9,
 'Cahermur_ph1',99,0,1.05,,-1.972104631,1.972104631,1,FALSE,TRUE,4,0,0,6,68148,17,TRUE,1.1,0.9,
 'Bunnahow_ph1',102,0,1.05,,-0.838144468,0.838144468,1,FALSE,TRUE,2,0,0,2.55,68143,17,TRUE,1.1,0.9,
 'Monainch_ph1',103,0,1.05,,-11.81619358,11.81619358,1,FALSE,TRUE,8,0,0,35.95,68136,17,TRUE,1.1,0.9,
 'Barranaf_ph1_3',104,0,1.05,,-10.64936501,10.64936501,1,FALSE,TRUE,8,0,0,32.4,68134,17,TRUE,1.1,0.9,
 'Barranaf_ph1',104,27.54,1.05,,-10.64936501,10.64936501,1,FALSE,FALSE,8,0,0,32.4,68134,17,TRUE,1.1,0.9,
 'Barranaf_ph1_2',104,27.54,1.05,,-10.64936501,10.64936501,1,FALSE,FALSE,8,0,0,32.4,68134,17,TRUE,1.1,0.9,
 'Ballybeagh',105,0,1.05,,-4.535840651,4.535840651,1,FALSE,TRUE,8,0,0,13.8,68131,17,TRUE,1.1,0.9,
 'Carrowna_ph1',106,0,1.05,,-1.511946884,1.511946884,1,FALSE,TRUE,4,0,0,4.6,68128,17,TRUE,1.1,0.9,
    'Boolard',108,0,1.05,,-1.462644268,1.462644268,1,FALSE,TRUE,5,0,0,4.45,68123,17,TRUE,1.1,0.9,
 'Rathnacally',109,0,1.05,,-1.462644268,1.462644268,1,FALSE,TRUE,5,0,0,4.45,68115,17,TRUE,1.1,0.9,
 'Lealet_ph1',110,0,1.05,,-2.629472841,2.629472841,1,FALSE,TRUE,2,0,0,8,68108,17,TRUE,1.1,0.9,
 'Raheenle_ph1',136,0,1.05,,-11.99696984,11.99696984,1,FALSE,TRUE,9,0,0,36.5,67045,17,TRUE,1.1,0.9,
 'Faugha_ph1',112,0,1.05,,-1.972104631,1.972104631,1,FALSE,TRUE,2,0,0,6,68101,17,TRUE,1.1,0.9,
 'Upperchurc_4',114,0,1,,-30.89630589,30.89630589,1,FALSE,TRUE,8,0,0,94,68096,17,TRUE,1.1,0.9,
 'Upperchurch',114,79.9,1,,-30.89630589,30.89630589,1,FALSE,FALSE,8,0,0,94,68096,17,TRUE,1.1,0.9,
 'Upperchurch_2',114,79.9,1,,-30.89630589,30.89630589,1,FALSE,FALSE,8,0,0,94,68096,17,TRUE,1.1,0.9,
 'Upperchurch_3',114,79.9,1,,-30.89630589,30.89630589,1,FALSE,FALSE,8,0,0,94,68096,17,TRUE,1.1,0.9,
 'Knocknamona',115,0,1.05,,-11.17525958,11.17525958,1,FALSE,TRUE,12,0,0,34,68095,17,TRUE,1.1,0.9,
 'Leitir_ph1',116,0,1.05,,-4.535840651,4.535840651,1,FALSE,TRUE,2,0,0,13.8,68094,17,TRUE,1.1,0.9,
 'Kilmeedy_ph1',117,0,1.05,,-1.544815294,1.544815294,1,FALSE,TRUE,5,0,0,4.7,68093,17,TRUE,1.1,0.9,
  'Ugool_ph1',118,0,1.05,,-21.69315094,21.69315094,1,FALSE,TRUE,2,0,0,66,68092,17,TRUE,1.1,0.9,
 'Carrickeeney',121,0,1.05,,-2.514433405,2.514433405,1,FALSE,TRUE,2,0,0,7.65,68087,17,TRUE,1.1,0.9,
    'An_Cnoc',122,0,1.05,,-3.77986721,3.77986721,1,FALSE,TRUE,8,0,0,11.5,67213,17,TRUE,1.1,0.9,
 'Coolberrin',123,0,1.05,,-10.87944388,10.87944388,1,FALSE,TRUE,7,0,0,33.1,67144,17,TRUE,1.1,0.9,
 'Boggeragh_2',124,0,1,,-15.67823182,15.67823182,1,FALSE,TRUE,5,0,0,47.7,67102,17,TRUE,1.1,0.9,
      'Oriel',126,0,1,,-69,69,1,FALSE,TRUE,11,0,0,210,67086,16,TRUE,1.1,0.9,
   'Bruckana_3',127,0,1.05,,-13.01589057,13.01589057,1,FALSE,TRUE,8,0,0,39.6,67084,17,TRUE,1.1,0.9,
   'Bruckana',127,33.66,1.05,,-13.01589057,13.01589057,1,FALSE,FALSE,8,0,0,39.6,67084,17,TRUE,1.1,0.9,
   'Bruckana_2',127,33.66,1.05,,-13.01589057,13.01589057,1,FALSE,FALSE,8,0,0,39.6,67084,17,TRUE,1.1,0.9,
 'Clahane_ph2',128,0,1.05,,-4.535840651,4.535840651,1,FALSE,TRUE,5,0,0,13.8,67083,17,TRUE,1.1,0.9,
 'Sorrell Island ext',129,0,1.05,,-7.888418524,7.888418524,1,FALSE,TRUE,4,0,0,24,67073,17,TRUE,1.1,0.9,
 'Sorrell Isla',129,0,1.05,,-2.629472841,2.629472841,1,FALSE,TRUE,4,0,0,8,67073,17,TRUE,1.1,0.9,
 'Oweniney_3',130,0,1.05,,-19.43420526,19.43420526,1,FALSE,TRUE,2,0,0,60,67071,17,TRUE,1.1,0.9,
 'KillHill_ph1',131,0,1.05,,-11.83262779,11.83262779,1,FALSE,TRUE,8,0,0,36,67069,17,TRUE,1.1,0.9,
 'Mountluc_ph1',132,0,1.05,,-26.03178113,26.03178113,1,FALSE,TRUE,11,0,0,79.2,67066,17,TRUE,1.1,0.9,
Ardderoo,133,0,1.05,,-29.97599039,29.97599039,1,FALSE,TRUE,2,0,0,109,67062,17,TRUE,1.1,0.9,
    'Killala ph2',134,0,1.05,,-6.310734819,6.310734819,1,FALSE,TRUE,2,0,0,19.2,67059,17,TRUE,1.1,0.9,
    'Killala',134,0,1.05,,-3.549788336,3.549788336,1,FALSE,TRUE,2,0,0,10.8,67059,17,TRUE,1.1,0.9,
 'Seecon_ph1_2',135,0,1.05,,-35.49788336,35.49788336,1,FALSE,TRUE,2,0,0,108,67058,17,TRUE,1.1,0.9,
 'Seecon_ph1',135,90.72,1.05,,-35.49788336,35.49788336,1,FALSE,FALSE,2,0,0,108,67058,17,TRUE,1.1,0.9,
 'Ballywater_2',1352,0,1.05,,-10.35354931,10.35354931,1,FALSE,TRUE,9,0,0,31.5,12371,17,TRUE,1.1,0.9,
 'Carrigdangan_2',137,0,1.05,,-22.33408495,22.33408495,1,FALSE,TRUE,6,0,0,54,67044,17,TRUE,1.1,0.9,
 'Carrigdangan',137,57.7575,1.05,,-22.33408495,22.33408495,1,FALSE,FALSE,6,0,0,67.95,67044,17,TRUE,1.1,0.9,
 'Grousemount',139,0,1.05,,-37.46998799,37.46998799,1,FALSE,TRUE,5,0,0,114,67034,17,TRUE,1.1,0.9,
 'Grousemount_2',139,96.9,1.05,,-37.46998799,37.46998799,1,FALSE,FALSE,5,0,0,114,67034,17,TRUE,1.1,0.9,
    'Sheskin',140,0,1.05,,-10.81370706,10.81370706,1,FALSE,TRUE,2,0,0,32.9,67033,17,TRUE,1.1,0.9,
 'Castlepo_ph2',141,0,1.05,,-7.888418524,7.888418524,1,FALSE,TRUE,5,0,0,24,67031,17,TRUE,1.1,0.9,
 'Castlepo_ph1',141,0,1.05,,-3.286841052,3.286841052,1,FALSE,TRUE,5,0,0,10,67031,17,TRUE,1.1,0.9,
 'Boolynag_ph1',142,0,1.05,,-12.15473821,12.15473821,1,FALSE,TRUE,4,0,0,36.98,67030,17,TRUE,1.1,0.9,
 'Oweniney_ph2',143,0,1.05,,-27.28078073,27.28078073,1,FALSE,TRUE,2,0,0,83,67026,17,TRUE,1.1,0.9,
 'Oweniney_ph1',144,0,1.05,,-29.25288536,29.25288536,1,FALSE,TRUE,2,0,0,89,67025,17,TRUE,1.1,0.9,
 'Sliabh_Bawn',150,0,1.05,,-19.0636781,19.0636781,1,FALSE,TRUE,3,0,0,58,66095,17,TRUE,1.1,0.9,
    'ARKLOWB',1380,0,1.04,,-8.282839451,8.282839451,1,FALSE,TRUE,9,0,0,25.2,11271,16,TRUE,1.1,0.9,
   'GORTAHIL',1030,0,1.04,,-6.902366209,6.902366209,1,FALSE,TRUE,9,0,0,21,19085,17,TRUE,1.1,0.9,
   'RICHFIEL_2',163,0,1.04,,-6.65585313,6.65585313,1,FALSE,TRUE,9,0,0,20.25,55072,17,TRUE,1.1,0.9,
Davidstown Solar,172,0,1,,-1.643420526,1.643420526,1,FALSE,TRUE,9,0,0,5,,23,TRUE,1.1,0.9,
Blusheens Solar (1),172,0,1,,-2.629472841,2.629472841,1,FALSE,TRUE,9,0,0,8,,23,TRUE,1.1,0.9,
   'EASTWEST',177,-250,1.05,,-325,130,1,FALSE,TRUE,11,0,-530,500,54630,49,TRUE,1.1,0.9,
 'Rosspile Solar',179,0,1.05,,-31.22498999,31.22498999,1,FALSE,TRUE,9,0,0,95,54502,23,TRUE,1.1,0.9,
 'Castledockri_4',1010,0,1.05,,-6.573682104,6.573682104,1,FALSE,TRUE,9,0,0,20,19971,17,TRUE,1.1,0.9,
 'Ballycum_ph1_2',86,0,1.05,,-5.916313893,5.916313893,1,FALSE,TRUE,9,0,0,18,68209,17,TRUE,1.1,0.9,
Farranmacedmond Solar Farm,190,0,1,,-1.972104631,1.972104631,1,FALSE,TRUE,12,0,0,6,,23,TRUE,1.1,0.9,
Curraghmartin Solar Park,192,0,1,,-1,1,1,FALSE,TRUE,9,0,0,3.99,,23,TRUE,1.1,0.9,
   'SLIEVERA',193,0,1,,-0.986052316,0.986052316,1,FALSE,TRUE,8,0,0,3,53871,17,TRUE,1.1,0.9,
Ballinalard Solar Farm,194,0,1,,-1.314736421,1.314736421,1,FALSE,TRUE,8,0,0,4,,23,TRUE,1.1,0.9,
   'DRUMLOUG',197,0,1.04,,-3.283554211,3.283554211,1,FALSE,TRUE,1,0,0,9.99,53674,17,TRUE,1.1,0.9,
    'BEAMHIL',198,0,1.04,,-4.601577473,4.601577473,1,FALSE,TRUE,1,0,0,14,53673,17,TRUE,1.1,0.9,
   'DRUMLOUG_2',199,0,1.04,,-1.577683705,1.577683705,1,FALSE,TRUE,1,0,0,4.8,53672,17,TRUE,1.1,0.9,
   'CROCKAHE',200,0,1.04,,-1.643420526,1.643420526,1,FALSE,TRUE,1,0,0,5,53671,17,TRUE,1.1,0.9,
    'Biocore',208,0.3,1.05,,-0.493026158,0.493026158,1,FALSE,TRUE,2,0,0,1.5,53474,99,TRUE,1.1,0.9,
 'GradyJoinery',209,0,1.05,,-0.821710263,0.821710263,1,FALSE,TRUE,2,0,0,2.5,53473,17,TRUE,1.1,0.9,
     'ROOSKY',210,0,1.01,,-1.183262779,1.183262779,1,FALSE,TRUE,2,0,0,3.6,53472,17,TRUE,1.1,0.9,
    'LARGANH',211,0,1.04,,-1.952383585,1.952383585,1,FALSE,TRUE,2,0,0,5.94,53471,17,TRUE,1.1,0.9,
Ballyboughlin Solar Farm,225,0,1,,-4.930261578,4.930261578,1,FALSE,TRUE,11,0,0,14,,23,TRUE,1.1,0.9,
Lehinch Solar,226,0,1,,-1.314736421,1.314736421,1,FALSE,TRUE,11,0,0,4,,23,TRUE,1.1,0.9,
   'Tullabeg ph1 and 2',241,0,1,,-60.80655946,60.80655946,1,FALSE,TRUE,9,0,0,185,52971,23,TRUE,1.1,0.9,
 'Ballincollig',244,0,1.04,,-2.892420126,2.892420126,1,FALSE,TRUE,5,0,0,8.8,52878,17,TRUE,1.1,0.9,
    'MOUNTEA',245,0,1.04,,-0.558762979,0.558762979,1,FALSE,TRUE,5,0,0,1.7,52876,17,TRUE,1.1,0.9,
    'MOUNTEA_2',246,0,1.04,,-1.676288936,1.676288936,1,FALSE,TRUE,5,0,0,5.1,52875,17,TRUE,1.1,0.9,
   'BEENAGEE',248,0,1.04,,-1.301589057,1.301589057,1,FALSE,TRUE,5,0,0,3.96,52873,17,TRUE,1.1,0.9,
   'TURSILLA',249,0,1.04,,-2.235051915,2.235051915,1,FALSE,TRUE,5,0,0,6.8,52872,17,TRUE,1.1,0.9,
   'TURSILLA_2',250,0,1.04,,-4.930261578,4.930261578,1,FALSE,TRUE,5,0,0,15,52871,17,TRUE,1.1,0.9,
Dromroe Solar,258,0,1,,-1.314736421,1.314736421,1,FALSE,TRUE,5,0,0,4,,23,TRUE,1.1,0.9,
Ballyenaghty Solar Park,258,0,1,,-3.286841052,3.286841052,1,FALSE,TRUE,5,0,0,10,,23,TRUE,1.1,0.9,
   'Holyford_2',263,0,1.05,,-2.958156947,2.958156947,1,FALSE,TRUE,8,0,0,9,52778,17,TRUE,1.1,0.9,
   'Holyford',263,7.65,1.05,,-2.958156947,2.958156947,1,FALSE,FALSE,8,0,0,9,52778,17,TRUE,1.1,0.9,
   'Glenough',264,0,1.05,,-10.84657547,10.84657547,1,FALSE,TRUE,8,0,0,33,52773,17,TRUE,1.1,0.9,
 'CAPPAGH_WHIT',265,0,1.05,,-17.09157347,17.09157347,1,FALSE,TRUE,8,0,0,52,52771,17,TRUE,1.1,0.9,
 'Garracummer',278,0,1.05,,-12.12844348,12.12844348,1,FALSE,TRUE,8,0,0,36.9,52700,17,TRUE,1.1,0.9,
 'Beale_Hill_2',281,0,1,,-0.838144468,0.838144468,1,FALSE,TRUE,5,0,0,2.55,52677,17,TRUE,1.1,0.9,
   'TOURNAFU',282,0,1.05,,-5.620498199,5.620498199,1,FALSE,TRUE,5,0,0,17.1,52676,17,TRUE,1.1,0.9,
   'KNOCKAWA ph2',283,0,1,,-7.395392367,7.395392367,1,FALSE,TRUE,5,0,0,22.5,52675,17,TRUE,1.1,0.9,
   'KNOCKAWA',283,0,1,,-2.169315094,2.169315094,1,FALSE,TRUE,5,0,0,6.6,52675,17,TRUE,1.1,0.9,
   'TOURNAFU_2',285,0,1,,-2.465130789,2.465130789,1,FALSE,TRUE,5,0,0,7.5,52673,17,TRUE,1.1,0.9,
    'BEALEHI',286,0,1,,-0.427289337,0.427289337,1,FALSE,TRUE,5,0,0,1.3,52672,17,TRUE,1.1,0.9,
    'BEALEHI_2',287,0,1,,-0.525894568,0.525894568,1,FALSE,TRUE,5,0,0,1.6,52671,17,TRUE,1.1,0.9,
Knockbrack Solar Farm(prev. Abbeyfeale),301,0,1,,-1.640133685,1.640133685,1,FALSE,FALSE,5,0,0,4.99,,23,TRUE,1.1,0.9,
   'MOANMORE',311,0,1.04,,-4.141419725,4.141419725,1,FALSE,TRUE,4,0,0,12.6,52271,17,TRUE,1.1,0.9,
 'Timahoe Nort',322,0,1,,-49.30261578,49.30261578,1,FALSE,TRUE,11,0,0,150,52171,23,TRUE,1.1,0.9,
     'TURLG1',324,69.35,1,,-144,188,1,TRUE,TRUE,11,1,-350,292,52071,99,TRUE,1.1,0.9,
 'Croaghonagh',325,0,1,,-45.39127493,45.39127493,1,FALSE,TRUE,1,0,0,138.1,51972,17,TRUE,1.1,0.9,
Shanagraigue Solar,334,0,1,,-1.640133685,1.640133685,1,FALSE,TRUE,10,0,0,4.99,,23,TRUE,1.1,0.9,
     'Tynagh',335,0,1.05,,-61,95,1,FALSE,TRUE,3,0,0,142,51772,9,TRUE,1.1,0.9,
     'Tynagh_2',336,155,1.05,,-91,143,1,FALSE,TRUE,3,0,155,263,51771,9,TRUE,1.1,0.9,
 'Shantallow',337,0,1,,-11.50394368,11.50394368,1,FALSE,TRUE,2,0,0,35,51671,23,TRUE,1.1,0.9,
Shantallow Wind Farm,337,0,1,,-1.64,1.64,1,FALSE,TRUE,2,0,0,5,,17,TRUE,1.1,0.9,
  'Seal_Rock',346,81,1.05,,-29.52,46.5,1,FALSE,TRUE,5,0,39,86,50574,15,TRUE,1.1,0.9,
  'Seal_Rock_2',347,81,1.05,,-29.5,46.5,1,FALSE,TRUE,5,0,39,86,50573,15,TRUE,1.1,0.9,
     'PBEGG6',351,25,1.05,,-90,130,1,FALSE,TRUE,11,0,25,163.1875,50276,9,TRUE,1.1,0.9,
     'PBEGG5',352,0,1.05,,-63,100,1,FALSE,TRUE,11,0,0,150,50275,9,TRUE,1.1,0.9,
     'PBEGG4',353,0,1.05,,-60,80,1,FALSE,TRUE,11,0,0,150,50274,9,TRUE,1.1,0.9,
    'SONNAGH',354,0,1.05,,-2.514433405,2.514433405,1,FALSE,TRUE,3,0,0,7.65,50071,17,TRUE,1.1,0.9,
Ardnadoman Solar Farm,361,0,1,,-1.314736421,1.314736421,1,FALSE,TRUE,3,0,0,4,,23,TRUE,1.1,0.9,
     'Corvin',363,0,1.05,,-0.690236621,0.690236621,1,FALSE,TRUE,1,0,0,2.1,49992,17,TRUE,1.1,0.9,
 'Glackmore_Hi',365,0,1.02,,-0.098605232,0.098605232,1,FALSE,TRUE,1,0,0,0.3,49979,17,TRUE,1.1,0.9,
 'Glackmore_Hi_2',366,0,1.02,,-0.460157747,0.460157747,1,FALSE,TRUE,1,0,0,1.4,49978,17,TRUE,1.1,0.9,
 'Glackmore_Hi_3',367,0,1.02,,-0.197210463,0.197210463,1,FALSE,TRUE,1,0,0,0.6,49977,17,TRUE,1.1,0.9,
  'Flughland',368,0,1.04,,-3.023893768,3.023893768,1,FALSE,TRUE,1,0,0,9.2,49976,17,TRUE,1.1,0.9,
   'MEENKEER',369,0,1.04,,-1.380473242,1.380473242,1,FALSE,TRUE,1,0,0,4.2,49975,17,TRUE,1.1,0.9,
    'THREETR',370,0,1.04,,-1.396907447,1.396907447,1,FALSE,TRUE,1,0,0,4.25,49974,17,TRUE,1.1,0.9,
 'SORNE_HILL',371,0,1.05,,-2.432262378,2.432262378,1,FALSE,TRUE,1,0,0,7.4,49973,17,TRUE,1.1,0.9,
 'single_turbi',372,0,1.04,,-0.755973442,0.755973442,1,FALSE,TRUE,1,0,0,2.3,49972,17,TRUE,1.1,0.9,
 'Sorne_Hill_2',373,0,1.05,,-10.35354931,10.35354931,1,FALSE,TRUE,1,0,0,31.5,49971,17,TRUE,1.1,0.9,
Riverstown Wind Farm,386,0,1,,-1.64,1.64,1,FALSE,TRUE,2,0,0,5,,17,TRUE,1.1,0.9,
Templehouse Community Wind Turbine,386,0,1,,-1.31,1.31,1,FALSE,TRUE,2,0,0,4,,17,TRUE,1.1,0.9,
   'MOUNTAIN',388,0,1.04,,-0.986052316,0.986052316,1,FALSE,TRUE,7,0,0,3,49672,17,TRUE,1.1,0.9,
 'Carrickallen',395,0,1.05,,-7.231050314,7.231050314,1,FALSE,TRUE,7,0,0,25,49608,17,TRUE,1.1,0.9,
    'SHANKIL ph2',397,0,1.05,,-0.991639945,0.991639945,1,FALSE,TRUE,7,0,0,3.017,49605,17,TRUE,1.1,0.9,
    'SHANKIL',397,0,1.05,,-0.230078874,0.230078874,1,FALSE,TRUE,7,0,0,0.7,49605,17,TRUE,1.1,0.9,
Drumman Solar Farm,398,0,1.05,,-2.300788736,2.300788736,1,FALSE,TRUE,7,0,0,7,,23,TRUE,1.1,0.9,
Lismeen Solar Farm,398,0,1.05,,-2.500788736,2.500788736,1,FALSE,TRUE,7,0,0,8,,23,TRUE,1.1,0.9,
    'INVERIN',400,0,1.04,,-1.084657547,1.084657547,1,FALSE,TRUE,2,0,0,3.3,49572,17,TRUE,1.1,0.9,
   'Leitir_G',401,0,1.05,,-6.902366209,6.902366209,1,FALSE,TRUE,2,0,0,21,49571,17,TRUE,1.1,0.9,
 'Shannonbridg',407,0,1,66.36,-20.77283545,20.77283545,1,FALSE,TRUE,3,0,-63.2,63.2,,14,TRUE,1.1,0.9,
 'Mountain_Lod',411,0,1.05,,-1.912941492,1.912941492,1,FALSE,TRUE,7,0,0,5.82,47873,17,TRUE,1.1,0.9,
 'Mountain_Lod_2',412,0,1.05,,-8.151365808,8.151365808,1,FALSE,TRUE,7,0,0,24.8,47872,17,TRUE,1.1,0.9,
  'Ratrussan',413,0,1.05,,-15.77683705,15.77683705,1,FALSE,TRUE,7,0,0,48,47871,17,TRUE,1.1,0.9,
Cleggil Solar Park Extension,423,0,1,,-1.314736421,1.314736421,1,FALSE,TRUE,3,0,0,4,,23,TRUE,1.1,0.9,
Cloondara Solar Park (prev Fishertown),423,0,1,,-1.314736421,1.314736421,1,FALSE,TRUE,3,0,0,4,,23,TRUE,1.1,0.9,
Cleggill Solar Park,423,0,1,,-2.629472841,2.629472841,1,FALSE,TRUE,3,0,0,8,,23,TRUE,1.1,0.9,
Ballykenny Solar,423,0,1,,-2.958156947,2.958156947,1,FALSE,TRUE,3,0,0,6,,23,TRUE,1.1,0.9,
Lissanore Community Wind Turbine,423,0,1,,-1.64,1.64,1,FALSE,TRUE,3,0,0,5,,17,TRUE,1.1,0.9,
Lissanore Community Wind Turbine ph2,423,0,1,,-1,1,1,FALSE,TRUE,3,0,0,4.5,,17,TRUE,1.1,0.9,
    'GROUSEL',425,0,1,,-4.930261578,4.930261578,1,FALSE,TRUE,5,0,0,15,46874,17,TRUE,1.1,0.9,
   'RATHCAHI',426,0,1,,-4.108551315,4.108551315,1,FALSE,TRUE,5,0,0,12.5,46873,17,TRUE,1.1,0.9,
  'Carrons_1',427,0,1,,-0.755973442,0.755973442,1,FALSE,TRUE,5,0,0,2.3,46870,17,TRUE,1.1,0.9,
Dublin Waste_1,439,0,1,,-27,42,1,FALSE,TRUE,11,0,0,61,46511,15,TRUE,1.1,0.9,
Dublin Waste,441,0.1,1,,-1,1,1,FALSE,TRUE,11,0,0,2.5,46503,15,TRUE,1.1,0.9,
 'PBEGG_BESS',462,0,1,80.85,-25.3086761,25.3086761,1,FALSE,TRUE,11,0,-77,77,,14,TRUE,1.1,0.9,
 'PBEGG_FLEX',463,0,1,,-23.00788736,23.00788736,1,FALSE,TRUE,11,0,0,70,44703,9,TRUE,1.1,0.9,
   'POLLG1_4_2',468,4,1.05,,-1,3,1,FALSE,FALSE,11,0,5,15,44471,13,TRUE,1.1,0.9,
   'POLLG1_4_3',468,4,1.05,,-1,3,1,FALSE,FALSE,11,0,5,15,44471,13,TRUE,1.1,0.9,
   'POLLG1_4',468,4,1.05,,-1,3,1,FALSE,TRUE,11,0,1,4,44471,13,TRUE,1.1,0.9,
 'Huntstown AD',469,0.4,1.05,,-0.65736821,0.65736821,1,FALSE,TRUE,11,0,0,2,44072,9,TRUE,1.1,0.9,
 'Huntstown AD_2',470,0.4,1.05,,-0.65736821,0.65736821,1,FALSE,TRUE,11,0,0,2,44071,9,TRUE,1.1,0.9,
 'Carrowleagh',473,0,1.05,,-11.22456219,11.22456219,1,FALSE,TRUE,2,0,0,34.15,43774,17,TRUE,1.1,0.9,
 'Bunnyconnell',474,0,1.05,,-9.203154945,9.203154945,1,FALSE,TRUE,2,0,0,28,43771,17,TRUE,1.1,0.9,
Chafhill Wind Farm (prev. Glenree),481,0,1,,-1.53,1.53,1,FALSE,TRUE,2,0,0,4.65,,17,TRUE,1.1,0.9,
Stokane Wind Farm,481,0,1,,-1.53,1.53,1,FALSE,TRUE,2,0,0,4.65,,17,TRUE,1.1,0.9,
 'KNOCKANEDEN',483,0,1,,-2.958156947,2.958156947,1,FALSE,TRUE,5,0,0,9,43671,17,TRUE,1.1,0.9,
Knockreagh Community Solar,488,0,1,,-1.314736421,1.314736421,1,FALSE,TRUE,5,0,0,4.4,,23,TRUE,1.1,0.9,
     'Nangor',491,1.08,1.05,,-1.774894168,1.774894168,1,FALSE,TRUE,11,0,0,5.4,42872,6,TRUE,1.1,0.9,
     'Nangor_2',492,1.6,1.05,,-2.629472841,2.629472841,1,FALSE,TRUE,11,0,0,8,42871,6,TRUE,1.1,0.9,
     'Nenagh',495,0,1.01,,-0.838144468,0.838144468,1,FALSE,TRUE,8,0,0,2.55,42676,17,TRUE,1.1,0.9,
     'Nenagh_2',496,0,1.04,,-0.838144468,0.838144468,1,FALSE,TRUE,8,0,0,2.55,42675,17,TRUE,1.1,0.9,
 'Curraghgraig',497,0,1.01,,-0.838144468,0.838144468,1,FALSE,TRUE,8,0,0,2.55,42674,17,TRUE,1.1,0.9,
   'TEMPLEDE',498,0,1.01,,-1.28186801,1.28186801,1,FALSE,TRUE,8,0,0,3.9,42673,17,TRUE,1.1,0.9,
   'CURRAGHG',499,0,1.01,,-0.801989217,0.801989217,1,FALSE,TRUE,8,0,0,2.44,42672,17,TRUE,1.1,0.9,
     'NWALG5',502,20,1.05,,-20,55,1,FALSE,FALSE,11,0,20,120,42475,9,TRUE,1.1,0.9,
     'NWALG4',503,40,1.05,,-20,55,1,FALSE,FALSE,11,0,40,120,42474,9,TRUE,1.1,0.9,
Kilkeelan Phase 2 Solar Farm,515,0,1,,-0.328684105,0.328684105,1,FALSE,TRUE,7,0,0,1,,23,TRUE,1.1,0.9,
Friarspark Solar 2,515,0,1,,-0.65736821,0.65736821,1,FALSE,TRUE,7,0,0,2,,23,TRUE,1.1,0.9,
Friarspark (was Glebe Golf Course),515,0,1,,-1.314736421,1.314736421,1,FALSE,TRUE,7,0,0,4,,23,TRUE,1.1,0.9,
Dunmurry Springs PV ph2,524,0,1,,-1.25879019,1.25879019,1,FALSE,TRUE,11,0,0,4,,23,TRUE,1.1,0.9,
 'MeenadreenSo',528,0,1,,-1.183262779,1.183262779,1,FALSE,TRUE,1,0,0,3.6,40973,17,TRUE,1.1,0.9,
 'Croaghnameal',529,0,1,,-1.396907447,1.396907447,1,FALSE,TRUE,1,0,0,4.25,40972,17,TRUE,1.1,0.9,
   'Mulreavy',530,0,1.05,,-26.95209662,26.95209662,1,FALSE,TRUE,1,0,0,82,40971,17,TRUE,1.1,0.9,
  'Meentycat',541,0,1.05,,-4.601577473,4.601577473,1,FALSE,TRUE,1,0,0,14,40773,17,TRUE,1.1,0.9,
  'Meentycat_2',542,0,1.05,,-5.93603494,5.93603494,1,FALSE,TRUE,1,0,0,18.06,40772,17,TRUE,1.1,0.9,
  'Meentycat_3',543,0,1.05,,-17.38738916,17.38738916,1,FALSE,TRUE,1,0,0,52.9,40771,17,TRUE,1.1,0.9,
Xerox BESS,545,0,1,,-6.293950951,6.293950951,1,FALSE,TRUE,7,0,-20,20,,23,TRUE,1.1,0.9,
     'LACKAN',546,0,1.05,,-1.972104631,1.972104631,1,FALSE,TRUE,2,0,0,6,40471,17,TRUE,1.1,0.9,
Carrowgarve Solar,550,0,1,,-1.314736421,1.314736421,1,FALSE,TRUE,2,0,0,4,,23,TRUE,1.1,0.9,
Crossfield,552,0,1,,-1.640133685,1.640133685,1,FALSE,TRUE,5,0,0,4.99,,23,TRUE,1.1,0.9,
Tullynally Estate,558,0,1,,-1.314736421,1.314736421,1,FALSE,TRUE,3,0,0,4,,23,TRUE,1.1,0.9,
WEP Solar Slanemore Mullingar,558,0,1,,-5.587629788,5.587629788,1,FALSE,TRUE,3,0,0,17,,23,TRUE,1.1,0.9,
Tromra Community WT,558,0,1,,-1.64,1.64,1,FALSE,TRUE,3,0,0,5,,17,TRUE,1.1,0.9,
 'Moneypoint',565,0,1.05,,-5.751971841,5.751971841,1,FALSE,TRUE,5,0,0,17.5,39474,17,TRUE,1.1,0.9,
   'Bawnmore',571,0,1.04,,-8.315707861,8.315707861,1,FALSE,TRUE,5,0,0,25.3,38870,17,TRUE,1.1,0.9,
Knockglass Solar Farm,572,0,1,,-1.314736421,1.314736421,1,FALSE,TRUE,5,0,0,4,,23,TRUE,1.1,0.9,
Berrings Solar Farm,572,0,1,,-4.601577473,4.601577473,1,FALSE,TRUE,5,0,0,14,,23,TRUE,1.1,0.9,
 'Baille Foods',577,0.78,1.05,,-1.28186801,1.28186801,1,FALSE,TRUE,7,0,0,3.9,38274,99,TRUE,1.1,0.9,
   'MULLANAN',578,0,1.05,,-2.465130789,2.465130789,1,FALSE,TRUE,7,0,0,7.5,38273,17,TRUE,1.1,0.9,
   'GARTNANE',579,0,1.04,,-1.479078473,1.479078473,1,FALSE,TRUE,7,0,0,4.5,38272,17,TRUE,1.1,0.9,
   'GARTNANE_2',580,0,1.04,,-3.451183104,3.451183104,1,FALSE,TRUE,7,0,0,10.5,38271,17,TRUE,1.1,0.9,
    'CROCANE_2',599,1.36,1.01,,-0.525894568,0.525894568,1,FALSE,FALSE,10,0,0,1.6,38071,17,TRUE,1.1,0.9,
    'CROCANE',599,0,1.01,,-0.525894568,0.525894568,1,FALSE,TRUE,10,0,0,1.6,38071,17,TRUE,1.1,0.9,
Lurrig Solar Farm,601,0,1,,-1.314736421,1.314736421,1,FALSE,TRUE,10,0,0,4,,23,TRUE,1.1,0.9,
Tead More Solar (Meelshane),601,0,1,,-1.314736421,1.314736421,1,FALSE,TRUE,10,0,0,4,,23,TRUE,1.1,0.9,
Malapardas Solar,601,0,1,,-1.804475737,1.804475737,1,FALSE,FALSE,10,0,0,5.49,,23,TRUE,1.1,0.9,
Ballyduff PV,601,0,1,,-2.300788736,2.300788736,1,FALSE,TRUE,10,0,0,7,,23,TRUE,1.1,0.9,
Ballyspillane West Solar Farm,601,0,1,,-2.958156947,2.958156947,1,FALSE,TRUE,10,0,0,9,,23,TRUE,1.1,0.9,
Carrigogna Solar,601,0,1,,-3.286841052,3.286841052,1,FALSE,TRUE,10,0,0,10,,23,TRUE,1.1,0.9,
Ballyduff PV ph 2,601,0,1,,-2.51758038,2.51758038,1,FALSE,TRUE,10,0,0,8,,23,TRUE,1.1,0.9,
 'Castledockri',1007,0,1.05,,-5.291814093,5.291814093,1,FALSE,TRUE,9,0,0,16.1,19974,17,TRUE,1.1,0.9,
 'BALLYCA_20',617,0,1.05,,-4.963129988,4.963129988,1,FALSE,TRUE,9,0,0,15.1,36471,17,TRUE,1.1,0.9,
 'Gilbbet_Hill',612,0,1.04,,-4.864524757,4.864524757,1,FALSE,TRUE,9,0,0,14.8,36476,17,TRUE,1.1,0.9,
   'CARNSORE',164,0,1.04,,-3.911340852,3.911340852,1,FALSE,TRUE,9,0,0,11.9,55071,17,TRUE,1.1,0.9,
 'Ballywater',1351,0,1.05,,-3.451183104,3.451183104,1,FALSE,TRUE,9,0,0,10.5,12372,17,TRUE,1.1,0.9,
 'Ballycaddan',56,0,1.05,,-3.208614235,3.208614235,1,FALSE,TRUE,9,0,0,9.762,68306,17,TRUE,1.1,0.9,
The Dell Solar,624,0,1,,-6.573682104,6.573682104,1,FALSE,TRUE,9,0,0,20,,23,TRUE,1.1,0.9,
    'Lisheen',626,0,1.05,,-9.466102229,9.466102229,1,FALSE,TRUE,8,0,0,28.8,36273,17,TRUE,1.1,0.9,
    'LISH-1a',627,0,1.05,,-6.244997998,6.244997998,1,FALSE,TRUE,8,0,0,19,36272,17,TRUE,1.1,0.9,
     'LISH-1',628,0,1.05,,-11.83262779,11.83262779,1,FALSE,TRUE,8,0,0,36,36271,17,TRUE,1.1,0.9,
    'Lenalea and Drumnahough',636,0,1.05,,-34.51183104,34.51183104,1,FALSE,TRUE,1,0,0,102.5,35971,17,TRUE,1.1,0.9,
   'LURGANBO',641,0,1.04,,-1.640133685,1.640133685,1,FALSE,TRUE,1,0,0,4.99,35877,17,TRUE,1.1,0.9,
   'CULLIAGH_2',642,9.9792,1.04,,-3.90476717,3.90476717,1,FALSE,FALSE,1,0,0,11.88,35876,17,TRUE,1.1,0.9,
   'CULLIAGH',642,0,1.04,,-3.90476717,3.90476717,1,FALSE,TRUE,1,0,0,11.88,35876,17,TRUE,1.1,0.9,
    'CARK(1)',643,0,1.04,,-4.930261578,4.930261578,1,FALSE,TRUE,1,0,0,15,35875,17,TRUE,1.1,0.9,
   'MEENANIL',644,0,1.04,,-1.117525958,1.117525958,1,FALSE,TRUE,1,0,0,3.4,35873,17,TRUE,1.1,0.9,
   'MEENANIL_2',645,0,1.04,,-0.805276058,0.805276058,1,FALSE,TRUE,1,0,0,2.45,35872,17,TRUE,1.1,0.9,
   'MEENANIL_3',646,0,1.04,,-0.838144468,0.838144468,1,FALSE,TRUE,1,0,0,2.55,35871,17,TRUE,1.1,0.9,
    'Cloghan',656,0,1.05,,-11.17525958,11.17525958,1,FALSE,TRUE,3,0,0,34,35772,17,TRUE,1.1,0.9,
 'Derrycarney ',657,0,1,105,-32.86841052,32.86841052,1,FALSE,TRUE,3,0,-100,100,,14,TRUE,1.1,0.9,
Loughteague Solar,666,0,1,,-26.29472841,26.29472841,1,FALSE,TRUE,11,0,0,80,5274,23,TRUE,1.1,0.9,
Islanduane Solar Farm,669,0,1,,-1.643420526,1.643420526,1,FALSE,TRUE,5,0,0,5,,23,TRUE,1.1,0.9,
Mungret Solar,669,0,1,,-1.643420526,1.643420526,1,FALSE,TRUE,5,0,0,5,,23,TRUE,1.1,0.9,
Kilballyowen Windfarm,669,0,1,,-1.64,1.64,1,FALSE,TRUE,5,0,0,5,,17,TRUE,1.1,0.9,
 'Roxborough',675,0,1.05,,-1.626986321,1.626986321,1,FALSE,TRUE,3,0,0,4.95,35076,17,TRUE,1.1,0.9,
     'SKRINE',677,0,1.01,,-1.511946884,1.511946884,1,FALSE,TRUE,3,0,0,4.6,35071,17,TRUE,1.1,0.9,
Derrymany Wind Farm,681,0,1,,-1.64,1.64,1,FALSE,TRUE,3,0,0,5,,17,TRUE,1.1,0.9,
Kilcash Community Wind Turbine,681,0,1,,-0.986,0.986,1,FALSE,TRUE,3,0,0,3,,17,TRUE,1.1,0.9,
Kilcash ph2,681,0,1,,-1.2,1.2,1,FALSE,TRUE,3,0,0,4.5,,17,TRUE,1.1,0.9,
  'Kelwin P3',683,0,1.05,,-13.67325878,13.67325878,1,FALSE,TRUE,5,0,0,41.6,34872,17,TRUE,1.1,0.9,
     'Kelwin',684,0,1.05,,-8.742997198,8.742997198,1,FALSE,TRUE,5,0,0,26.6,34871,17,TRUE,1.1,0.9,
   'KNOCKACU',691,0,1.05,,-34.51183104,34.51183104,1,FALSE,TRUE,5,0,0,105,33971,17,TRUE,1.1,0.9,
    'GNEEVES',699,0,1,,-3.073196383,3.073196383,1,FALSE,TRUE,5,0,0,9.35,33072,17,TRUE,1.1,0.9,
   'WEDCROSS',700,0,1,,-1.479078473,1.479078473,1,FALSE,TRUE,5,0,0,4.5,33071,17,TRUE,1.1,0.9,
Madam's Hill Solar Park,705,0,1,,-2.958156947,2.958156947,1,FALSE,TRUE,5,0,0,9,,23,TRUE,1.1,0.9,
Ballytobin Extension,712,0,1,,-0.325397264,0.325397264,1,FALSE,TRUE,9,0,0,0.99,,23,TRUE,1.1,0.9,
Thomastown Road Solar,712,0,1,,-1.314736421,1.314736421,1,FALSE,TRUE,9,0,0,4,,23,TRUE,1.1,0.9,
Keatingstown Solar Farm,712,0,1,,-1.972104631,1.972104631,1,FALSE,TRUE,9,0,0,6,,23,TRUE,1.1,0.9,
 'Muingnaminna',714,0,1,,-1.347604831,1.347604831,1,FALSE,TRUE,5,0,0,4.1,32577,17,TRUE,1.1,0.9,
 'MUINGNAMIN',715,0,1,,-3.681261978,3.681261978,1,FALSE,TRUE,5,0,0,11.2,32576,17,TRUE,1.1,0.9,
 'Knocknagoum_2',723,0,1.05,,-13.98550868,13.98550868,1,FALSE,TRUE,5,0,0,42.55,32508,17,TRUE,1.1,0.9,
 'Knocknagoum_3',723,0,1.05,,-3.29E-07,3.29E-07,1,FALSE,TRUE,5,0,0,1.00E-06,32508,17,TRUE,1.1,0.9,
 'Knocknagoum',723,36.1675,1.05,,-13.98550868,13.98550868,1,FALSE,FALSE,5,0,0,42.55,32508,17,TRUE,1.1,0.9,
   'PLUCKANE',737,0,1.05,,-0.262947284,0.262947284,1,FALSE,TRUE,10,0,0,0.8,32271,17,TRUE,1.1,0.9,
Drumgarriff South Solar,738,0,1,,-1.640133685,1.640133685,1,FALSE,TRUE,10,0,0,4.99,,23,TRUE,1.1,0.9,
Coolyduff,740,0,1,,-1.640133685,1.640133685,1,FALSE,TRUE,10,0,0,4.99,,23,TRUE,1.1,0.9,
Rahanisky solar,740,0,1,,-13.12545193,13.12545193,1,FALSE,TRUE,10,0,0,40,,23,TRUE,1.1,0.9,
    'SW BESS',745,6,1,,-9.860523155,9.860523155,1,FALSE,TRUE,11,0,0,30,31273,99,TRUE,1.1,0.9,
 'Ringsend FLE',746,0,1,,-24.65130789,24.65130789,1,FALSE,TRUE,11,0,0,75,31272,9,TRUE,1.1,0.9,
 'Dublin_Bay_P',747,163,1.05,,-100,295,1,FALSE,TRUE,11,0,163,416.1,31271,9,TRUE,1.1,0.9,
     'INISG1_2',758,4,1.05,,-1,3,1,FALSE,TRUE,5,0,4,15,30671,13,TRUE,1.1,0.9,
     'INISG1',758,4,1.05,,-1,3,1,FALSE,TRUE,5,0,1,4,30671,13,TRUE,1.1,0.9,
  'Huntstown',759,194,1.05,,-170,255,1,FALSE,TRUE,11,0,194,412,29673,9,TRUE,1.1,0.9,
    'Hunt_CT',760,0,1.05,,-87,181,1,FALSE,TRUE,11,0,0,230.2,29672,9,TRUE,1.1,0.9,
    'Hunt_ST',761,40,1.05,,-53,107,1,FALSE,TRUE,11,0,40,123,29671,9,TRUE,1.1,0.9,
    'Taurbeg',766,0,1,,-8.545786735,8.545786735,1,FALSE,TRUE,5,0,0,26,28874,17,TRUE,1.1,0.9,
 'DROMDEVEEN',767,0,1,,-5.423287735,5.423287735,1,FALSE,TRUE,5,0,0,16.5,28873,17,TRUE,1.1,0.9,
 'Dromdeeveen',768,0,1,,-3.451183104,3.451183104,1,FALSE,TRUE,5,0,0,10.5,28872,17,TRUE,1.1,0.9,
  'Hemsbrook',772,0,1.05,,-4.535840651,4.535840651,1,FALSE,TRUE,5,0,0,13.8,28814,17,TRUE,1.1,0.9,
Curraduff (previously Southwest Solar),774,0,1,,-1.643420526,1.643420526,1,FALSE,FALSE,5,0,0,5,,23,TRUE,1.1,0.9,
Dromalour Solar Farm,775,0,1,,-1.640133685,1.640133685,1,FALSE,TRUE,5,0,0,4.99,,23,TRUE,1.1,0.9,
  'Whitegate',782,110,1.05,,-190,282.1,1,FALSE,FALSE,10,0,110.1,444.3927,28571,9,TRUE,1.1,0.9,
Gorman BESS,783,0,1,52.5,-16.43420526,16.43420526,1,FALSE,TRUE,7,0,-50,50,,14,TRUE,1.1,0.9,
Gorman BESS ph 2,783,0,1,,-16.43420526,16.43420526,1,FALSE,TRUE,7,0,-50,50,,14,TRUE,1.1,0.9,
    'CORNEEN',786,0,1.04,,-0.986052316,0.986052316,1,FALSE,TRUE,1,0,0,3,28271,17,TRUE,1.1,0.9,
Killegar Community Wind Turbine,788,0,1,,-1.64,1.64,1,FALSE,TRUE,1,0,0,5,,17,TRUE,1.1,0.9,
Tullyhaw Community Wind Turbine,788,0,1,,-1.64,1.64,1,FALSE,TRUE,1,0,0,5,,17,TRUE,1.1,0.9,
     'GOLAGH Barnesmore',791,0,1.05,,-20.70709863,20.70709863,1,FALSE,TRUE,1,0,0,63,28071,17,TRUE,1.1,0.9,
Meenadreen BESS,792,0,1,,-24.65130789,24.65130789,1,FALSE,TRUE,1,0,-75,75,,14,TRUE,1.1,0.9,
 'Gallanstown and Harlockstown',794,0,1,,-55.87629788,55.87629788,1,FALSE,TRUE,11,0,0,170,27971,23,TRUE,1.1,0.9,
 'COOMACHEO_EX',799,0,1.05,,-5.916313893,5.916313893,1,FALSE,TRUE,5,0,0,18,27774,17,TRUE,1.1,0.9,
 'Clydaghroe',800,0,1,,-1.643420526,1.643420526,1,FALSE,TRUE,5,0,0,5,27773,17,TRUE,1.1,0.9,
 'CAHERDOWNEY',801,0,1,,-3.286841052,3.286841052,1,FALSE,TRUE,5,0,0,10,27772,17,TRUE,1.1,0.9,
  'Coomacheo',802,0,1.05,,-13.55000224,13.55000224,1,FALSE,TRUE,5,0,0,41.225,27771,17,TRUE,1.1,0.9,
Mainscourt,807,0,1,,-13.14736421,13.14736421,1,FALSE,TRUE,11,0,0,40,,23,TRUE,1.1,0.9,
Kilmannoc Ph1,808,0,1,31.5,-9.860523156,9.860523156,1,FALSE,TRUE,9,0,-30,30,,14,TRUE,1.1,0.9,
     'Endesa',811,235,1.05,,-182,285,1,FALSE,FALSE,9,0,235,431,27474,9,TRUE,1.1,0.9,
Ballygowny Solar Farm,816,0,1,,-1.640133685,1.640133685,1,FALSE,TRUE,9,0,0,4.99,,23,TRUE,1.1,0.9,
Ballyedock,816,0,1,,-3.944209262,3.944209262,1,FALSE,TRUE,9,0,0,12,,23,TRUE,1.1,0.9,
    'Glanlee',817,0,1.05,,-5.587629788,5.587629788,1,FALSE,TRUE,5,0,0,17,27372,17,TRUE,1.1,0.9,
    'Glanlee_2',818,0,1.05,,-4.207156546,4.207156546,1,FALSE,TRUE,5,0,0,12.8,27371,17,TRUE,1.1,0.9,
   'griffinr',826,4,1.04,,-1,1,1,FALSE,TRUE,11,0,0,4,27205,13,TRUE,1.1,0.9,
Smithstown,827,0,1,,-8.21710263,8.2171,1,FALSE,TRUE,11,0,0,25,,23,TRUE,1.1,0.9,
Confey Solar Farm,827,0,1,,-6,6,1,FALSE,TRUE,11,0,0,15.5,,23,TRUE,1.1,0.9,
 'Country_Cres',828,0,1,,-0.262947284,0.262947284,1,FALSE,TRUE,11,0,0,0.8,27071,17,TRUE,1.1,0.9,
 'Garballagh',832,0,1,,-47.00182704,47.00182704,1,FALSE,TRUE,7,0,0,120,26971,23,TRUE,1.1,0.9,
 'Gar_Tullinah',835,0,1.05,,-7.231050314,7.231050314,1,FALSE,TRUE,1,0,0,22,26773,17,TRUE,1.1,0.9,
 'Gar_Glebe_1a',836,0,1.05,,-8.545786735,8.545786735,1,FALSE,TRUE,1,0,0,26,26771,17,TRUE,1.1,0.9,
 'Derrysallagh',837,0,1.05,,-11.17525958,11.17525958,1,FALSE,TRUE,1,0,0,34,26732,17,TRUE,1.1,0.9,
 'Glen Solar',848,0,1,,-13.14736421,13.14736421,1,FALSE,TRUE,1,0,0,40,26671,23,TRUE,1.1,0.9,
   'Firlough',850,0,1.05,,-15.87544228,15.87544228,1,FALSE,TRUE,2,0,0,48.3,26071,17,TRUE,1.1,0.9,
Firlough Wind Farm,850,0,1.05,,-8.87,8.87,1,FALSE,TRUE,2,0,0,27,,17,TRUE,1.1,0.9,
Bullstown Solar Farm,856,0,1,,-2.629472841,2.629472841,1,FALSE,FALSE,11,0,0,8,,23,TRUE,1.1,0.9,
Fieldstown Solar Farm Ext,856,0,1,,-6.005058602,6.005058602,1,FALSE,TRUE,11,0,0,18.27,,23,TRUE,1.1,0.9,
Fieldstown Solar Farm,856,0,1,,-24.65130789,24.65130789,1,FALSE,FALSE,11,0,0,75,,23,TRUE,1.1,0.9,
 'Knockalassa',866,0,1.05,,-8.825168224,8.825168224,1,FALSE,TRUE,4,0,0,26.85,23692,17,TRUE,1.1,0.9,
 'Boolinarudda',868,0,1.05,,-14.96005705,14.96005705,1,FALSE,TRUE,4,0,0,45.515,23682,17,TRUE,1.1,0.9,
Ballingaddy Solar,874,0,1,,-1.804475737,1.804475737,1,FALSE,TRUE,4,0,0,5.49,,23,TRUE,1.1,0.9,
Cahershaughnessy Solar,874,0,1,,-2.958156947,2.958156947,1,FALSE,TRUE,4,0,0,9,,23,TRUE,1.1,0.9,
Lissane West Solar Farm,874,0,1,,-6.244997998,6.244997998,1,FALSE,TRUE,4,0,0,19,,23,TRUE,1.1,0.9,
Hortland PV (from merge Knockanally and Hortland),880,0,1,,-4.601577473,4.601577473,1,FALSE,TRUE,11,0,0,14,,23,TRUE,1.1,0.9,
Dysart PV,880,0,1,,-5.916313893,5.916313893,1,FALSE,TRUE,11,0,0,18,,23,TRUE,1.1,0.9,
 'Magheramore',883,0,1.05,,-13.41031149,13.41031149,1,FALSE,TRUE,2,0,0,40.8,22872,17,TRUE,1.1,0.9,
    'MACEUPP',884,0,1.01,,-0.838144468,0.838144468,1,FALSE,TRUE,2,0,0,2.55,22871,17,TRUE,1.1,0.9,
Kilbeg Solar Farm,887,0,1,,-3.944209262,3.944209262,1,FALSE,TRUE,2,0,0,12,,23,TRUE,1.1,0.9,
Claremorris 2 Solar Farm,889,0,1,,-1.314736421,1.314736421,1,FALSE,TRUE,2,0,0,4,,23,TRUE,1.1,0.9,
   'Meenwaun',899,1.98,1.05,,-5,5,1,FALSE,TRUE,11,0,0,13,22474,99,TRUE,1.1,0.9,
     'LEABEG',900,0,1.01,,-1.396907447,1.396907447,1,FALSE,TRUE,11,0,0,4.25,22473,17,TRUE,1.1,0.9,
   'SKEHANAG',901,0,1.04,,-1.396907447,1.396907447,1,FALSE,TRUE,11,0,0,4.25,22472,17,TRUE,1.1,0.9,
     'CARRIG',902,0,1.04,,-0.838144468,0.838144468,1,FALSE,TRUE,11,0,0,2.55,22471,17,TRUE,1.1,0.9,
Leam√≥r Community Wind Turbine,909,0,1,,-1.64,1.64,1,FALSE,TRUE,11,0,0,5,,17,TRUE,1.1,0.9,
 'Derrybrien',910,0,1.05,,-19.55670426,19.55670426,1,FALSE,TRUE,4,0,0,59.5,22371,17,TRUE,1.1,0.9,
Clear Island Wind Farm,913,0,1,,-0.329,0.329,1,FALSE,TRUE,6,0,0,1,,17,TRUE,1.1,0.9,
  'Currabwee',915,0,1,,-1.518520566,1.518520566,1,FALSE,TRUE,6,0,0,4.62,22278,17,TRUE,1.1,0.9,
   'COOMATAL',916,0,1,,-1.002486521,1.002486521,1,FALSE,TRUE,6,0,0,3.05,22277,17,TRUE,1.1,0.9,
   'COOMATAL_2',917,0,1,,-1.955670426,1.955670426,1,FALSE,TRUE,6,0,0,5.95,22276,17,TRUE,1.1,0.9,
   'LAHANAGH',918,0,1,,-1.396907447,1.396907447,1,FALSE,TRUE,6,0,0,4.25,22275,17,TRUE,1.1,0.9,
    'MILANEH',919,0,1,,-1.952383585,1.952383585,1,FALSE,TRUE,6,0,0,5.94,22274,17,TRUE,1.1,0.9,
 'Reenascreena',920,0,1,,-1.479078473,1.479078473,1,FALSE,TRUE,6,0,0,4.5,22273,17,TRUE,1.1,0.9,
 'KILVEENOGE',921,0,1,,-5.587629788,5.587629788,1,FALSE,TRUE,6,0,0,17,22272,17,TRUE,1.1,0.9,
Beaulieu Solar,942,0,1,,-1.314736421,1.314736421,1,FALSE,TRUE,7,0,0,4,,23,TRUE,1.1,0.9,
 'Burtonstown_',944,0,1.05,,-0.049302616,0.049302616,1,FALSE,TRUE,7,0,0,0.15,21874,17,TRUE,1.1,0.9,
    'DUNMORE',946,0,1.05,,-0.821710263,0.821710263,1,FALSE,TRUE,7,0,0,2.5,21872,17,TRUE,1.1,0.9,
    'Dunmore_2',947,0,1.01,,-0.558762979,0.558762979,1,FALSE,TRUE,7,0,0,1.7,21871,17,TRUE,1.1,0.9,
Cluide Solar,961,0,1,,-1.314736421,1.314736421,1,FALSE,TRUE,7,0,0,4,,23,TRUE,1.1,0.9,
 'Knockalough',964,0,1.05,,-11.04378593,11.04378593,1,FALSE,TRUE,2,0,0,33.6,21791,17,TRUE,1.1,0.9,
Horsepasture Solar Farm (Grian PV),974,0,1,,-2.629472841,2.629472841,1,FALSE,TRUE,8,0,0,8,,23,TRUE,1.1,0.9,
Clonmel Renewable Energy Community A,974,0,1,,-0.1674,0.1674,1,FALSE,TRUE,8,0,0,5,,23,TRUE,1.1,0.9,
Ballyboe ph 2,974,0,1,,-1.25879019,1.25879019,1,FALSE,TRUE,8,0,0,4,,23,TRUE,1.1,0.9,
 'Drombeg Sola',977,0,1,,-32.21104231,32.21104231,1,FALSE,TRUE,5,0,0,98,21571,23,TRUE,1.1,0.9,
Ballylongford Windfarm,978,0,1,,-8.22,8.22,1,FALSE,TRUE,5,0,0,25,,17,TRUE,1.1,0.9,
Cooltubbrid West Solar,982,0,1,,-1.314736421,1.314736421,1,FALSE,TRUE,12,0,0,4,,23,TRUE,1.1,0.9,
Foxhall PV,982,0,1,,-1.314736421,1.314736421,1,FALSE,TRUE,12,0,0,4,,23,TRUE,1.1,0.9,
Kilcannon,982,0,1,,-1.643420526,1.643420526,1,FALSE,TRUE,12,0,0,5,,23,TRUE,1.1,0.9,
Drumroe East Solar Farm,982,0,1,,-4.930261578,4.930261578,1,FALSE,TRUE,12,0,0,15,,23,TRUE,1.1,0.9,
Poulbautia Solar Farm,982,0,1,,-6.244997998,6.244997998,1,FALSE,TRUE,12,0,0,19,,23,TRUE,1.1,0.9,
    'DROMADA',983,0,1.05,,-9.367496998,9.367496998,1,FALSE,TRUE,5,0,0,28.5,21371,17,TRUE,1.1,0.9,
Clonloghan Solar Farm,990,0,1,,-3.286841052,3.286841052,1,FALSE,TRUE,4,0,0,10,,23,TRUE,1.1,0.9,
    'DUNDALK',993,0,1.05,,-0.164342053,0.164342053,1,FALSE,TRUE,7,0,0,0.5,21071,17,TRUE,1.1,0.9,
Willville Extension Solar Park,998,0,1,,-0.328684105,0.328684105,1,FALSE,TRUE,7,0,0,1,,23,TRUE,1.1,0.9,
Willville Solar Park,998,0,1,,-1.314736421,1.314736421,1,FALSE,TRUE,7,0,0,4,,23,TRUE,1.1,0.9,
Kilcurly Solar,998,0,1,,-14.79078473,14.79078473,1,FALSE,TRUE,5,0,0,45,,23,TRUE,1.1,0.9,
 'Corduff_Flex',1005,0,1.05,,-23.00788736,23.00788736,1,FALSE,TRUE,11,0,0,70,20401,9,TRUE,1.1,0.9,
 'Ballymar_ph2',44,0,1.05,,-2.629472841,2.629472841,1,FALSE,TRUE,9,0,0,8,68408,17,TRUE,1.1,0.9,
   'RICHFIEL',162,0,1.04,,-2.21861771,2.21861771,1,FALSE,TRUE,9,0,0,6.75,55073,17,TRUE,1.1,0.9,
 'Knockadosan',111,0,1.05,,-1.972104631,1.972104631,1,FALSE,TRUE,9,0,0,6,68104,17,TRUE,1.1,0.9,
   'BALLYMAR',181,0,1,,-1.972104631,1.972104631,1,FALSE,TRUE,9,0,0,6,54472,17,TRUE,1.1,0.9,
 'COOMAGE_PH3',1012,0,1.05,,-9.860523155,9.860523155,1,FALSE,TRUE,5,0,0,30,19773,17,TRUE,1.1,0.9,
 'Coomagearlah',1013,0,1.05,,-2.793814894,2.793814894,1,FALSE,TRUE,5,0,0,8.5,19772,17,TRUE,1.1,0.9,
 'Coomagearlah_2',1014,0,1.05,,-13.96907447,13.96907447,1,FALSE,TRUE,5,0,0,42.5,19771,17,TRUE,1.1,0.9,
     'castle_2',1018,1.9,1.05,,-1.314736421,1.314736421,1,FALSE,TRUE,10,0,0,4,19602,99,TRUE,1.1,0.9,
     'castle',1018,1.9,1.05,,-0.65736821,0.65736821,1,FALSE,TRUE,10,0,0,2,19602,99,TRUE,1.1,0.9,
 'Kingsmountai',1021,0,1.05,,-3.631959362,3.631959362,1,FALSE,TRUE,2,0,0,11.05,19372,17,TRUE,1.1,0.9,
 'Kingsmountai_2',1022,0,1.05,,-7.806247498,7.806247498,1,FALSE,TRUE,2,0,0,23.75,19371,17,TRUE,1.1,0.9,
Ballynacrusha,1028,0,1,,-1.643420526,1.643420526,1,FALSE,TRUE,10,0,0,5,,23,TRUE,1.1,0.9,
Barryscourt Solar Farm,1028,0,1,,-2.629472842,2.629472842,1,FALSE,TRUE,10,0,0,8,,23,TRUE,1.1,0.9,
Bilboa Wind farm Ext,1040,0,1,,-1.97,1.97,1,FALSE,TRUE,9,0,0,6,,17,TRUE,1.1,0.9,
   'GREENOGE',1066,0,1.04,,-1.640133685,1.640133685,1,FALSE,TRUE,9,0,0,4.99,18471,17,TRUE,1.1,0.9,
 'Knocknalour_2',615,0,1,,-1.511946884,1.511946884,1,FALSE,TRUE,9,0,0,4.6,36473,17,TRUE,1.1,0.9,
   'CRONELEA_2',1032,0,1.04,,-1.511946884,1.511946884,1,FALSE,TRUE,9,0,0,4.6,19083,17,TRUE,1.1,0.9,
   'CRONELEA',1031,0,1.04,,-1.479078473,1.479078473,1,FALSE,TRUE,9,0,0,4.5,19084,17,TRUE,1.1,0.9,
Kilcarrig Solar PV Farm,1040,0,1,,-1.314736421,1.314736421,1,FALSE,TRUE,9,0,0,4,,23,TRUE,1.1,0.9,
Coppenagh solar,1040,0,1,,-1.643420526,1.643420526,1,FALSE,TRUE,9,0,0,5,,23,TRUE,1.1,0.9,
Coppenagh Solar Park Extension,1040,0,1,,-1.643420526,1.643420526,1,FALSE,TRUE,9,0,0,5,,23,TRUE,1.1,0.9,
Coppenagh Solar Phase 2,1040,0,1,,-1.972104631,1.972104631,1,FALSE,TRUE,9,0,0,6,,23,TRUE,1.1,0.9,
     'RAHORA',182,0,1.01,,-1.396907447,1.396907447,1,FALSE,TRUE,9,0,0,4.25,54471,17,TRUE,1.1,0.9,
Coppenagh Solar Phase 3,1040,0,1,,-6.573682103,6.573682103,1,FALSE,TRUE,9,0,0,20,,23,TRUE,1.1,0.9,
Castlerea Trust Solar Project,1056,0,1,,-1.643420526,1.643420526,1,FALSE,FALSE,3,0,0,5,,23,TRUE,1.1,0.9,
Ardass Solar,1056,0,1,,-0.65736821,0.65736821,1,FALSE,TRUE,3,0,0,2,,23,TRUE,1.1,0.9,
Polecat Community PV,1056,0,1,,-1.643420526,1.643420526,1,FALSE,TRUE,3,0,0,5,,23,TRUE,1.1,0.9,
  'Ballyduff',613,0,1.04,,-1.314736421,1.314736421,1,FALSE,TRUE,9,0,0,4,36475,17,TRUE,1.1,0.9,
 'Ballynancora',616,0,1.04,,-1.314736421,1.314736421,1,FALSE,TRUE,9,0,0,4,36472,17,TRUE,1.1,0.9,
Monart Spa Ground Mount 3,1070,0,1,,-0.427289337,0.427289337,1,FALSE,TRUE,9,0,0,1.3,,23,TRUE,1.1,0.9,
Deerpark New Solar Park,1070,0,1,,-0.986052316,0.986052316,1,FALSE,TRUE,9,0,0,3,,23,TRUE,1.1,0.9,
Macallian Solar,1070,0,1,,-2.958156947,2.958156947,1,FALSE,TRUE,9,0,0,9,,23,TRUE,1.1,0.9,
  'Rossaveel',1072,0,1.05,,-0.986052316,0.986052316,1,FALSE,TRUE,2,0,0,3,18372,17,TRUE,1.1,0.9,
Inverin Community Wind Turbine,1075,0,1,,-1.64,1.64,1,FALSE,TRUE,2,0,0,5,,17,TRUE,1.1,0.9,
  'CLOONLUSK',1077,0,1,,-1.396907447,1.396907447,1,FALSE,TRUE,2,0,0,4.25,18271,17,TRUE,1.1,0.9,
Milltown Community Solar Farm,1080,0,1,,-1.643420526,1.643420526,1,FALSE,FALSE,2,0,0,5,,23,TRUE,1.1,0.9,
Cloonascragh Solar,1080,0,1,,-6.573682104,6.573682104,1,FALSE,TRUE,2,0,0,20,,23,TRUE,1.1,0.9,
Clooninagh Wind Farm,1080,0,1,,-1.64,1.64,1,FALSE,TRUE,2,0,0,5,,17,TRUE,1.1,0.9,
     'CLIFG2',1092,10,1.05,,-3,7,1,FALSE,TRUE,1,0,3,10,17672,13,TRUE,1.1,0.9,
     'CLIFG1',1093,10,1.05,,-3,7,1,FALSE,TRUE,1,0,3,10,17671,13,TRUE,1.1,0.9,
Magherareagh Solar PV Farm,1106,0,1,,-1.643420526,1.643420526,1,FALSE,TRUE,8,0,0,5,,23,TRUE,1.1,0.9,
Monroe East solar from merge Ballyfowloo Lawclon,1106,0,1,,-2.629472841,2.629472841,1,FALSE,TRUE,8,0,0,8,,23,TRUE,1.1,0.9,
Ballymacadam (Monraha) Solar PV Farm,1106,0,1,,-6.75,6.75,1,FALSE,TRUE,8,0,0,21,,23,TRUE,1.1,0.9,
    'ANARGET',1109,0,1,,-0.006573682,0.006573682,1,FALSE,TRUE,1,0,0,0.02,17077,17,TRUE,1.1,0.9,
    'ANARGET_2',1110,0,1,,-0.650794528,0.650794528,1,FALSE,TRUE,1,0,0,1.98,17075,17,TRUE,1.1,0.9,
     'CATHG4',1111,23,1.05,,-25,23,1,FALSE,TRUE,1,0,5,23,17074,13,TRUE,1.1,0.9,
     'CATHG3',1112,22,1.05,,-25,23,1,FALSE,TRUE,1,0,5,22,17073,13,TRUE,1.1,0.9,
Derrykillew Wind Farm,1117,0,1,,-12.5,12.5,1,FALSE,TRUE,1,0,0,38,,17,TRUE,1.1,0.9,
     'CDRDG3',1120,8,1.05,,-1,7,1,FALSE,TRUE,5,0,2,8,16873,13,TRUE,1.1,0.9,
  'Cloncreen',1121,0,1.05,,-32.86841052,32.86841052,1,FALSE,TRUE,11,0,0,100,16771,17,TRUE,1.1,0.9,
 'Lenanavea_Bu_2',1123,5.712,1,,-2.235051915,2.235051915,1,FALSE,FALSE,2,0,0,6.8,16676,17,TRUE,1.1,0.9,
 'Lenanavea_Bu',1123,0,1,,-2.235051915,2.235051915,1,FALSE,TRUE,2,0,0,6.8,16676,17,TRUE,1.1,0.9,
 'RAHEEN_BAR_2',1124,0,1.04,,-2.793814894,2.793814894,1,FALSE,TRUE,2,0,0,8.5,16675,17,TRUE,1.1,0.9,
 'RAHEEN_BAR_1',1125,0,1.04,,-6.146392767,6.146392767,1,FALSE,TRUE,2,0,0,18.7,16674,17,TRUE,1.1,0.9,
 'CUILLALEA2',1126,0,1.04,,-0.522607727,0.522607727,1,FALSE,TRUE,2,0,0,1.59,16672,17,TRUE,1.1,0.9,
 'Cuillalea1',1127,0,1.04,,-1.117525958,1.117525958,1,FALSE,TRUE,2,0,0,3.4,16671,17,TRUE,1.1,0.9,
 'LENENEVEA_BU',1128,0,1,,-1.528381089,1.528381089,1,FALSE,TRUE,2,0,0,4.65,16670,17,TRUE,1.1,0.9,
   'Banemore',1137,0,1.05,,-11.17525958,11.17525958,1,FALSE,FALSE,5,0,0,34,16572,23,TRUE,1.1,0.9,
    'CLAHANE',1138,0,1.05,,-12.42425918,12.42425918,1,FALSE,TRUE,5,0,0,37.8,16571,17,TRUE,1.1,0.9,
 'Tullynamoyla',1144,0,1.05,,-3.93763558,3.93763558,1,FALSE,TRUE,1,0,0,11.98,16392,17,TRUE,1.1,0.9,
 'Tullynamoyla_2',1146,0,1.05,,-3.36112366,3.36112366,1,FALSE,TRUE,1,0,0,10.226,16382,17,TRUE,1.1,0.9,
 'Moneenatieve',1147,0,1,,-0.095318391,0.095318391,1,FALSE,TRUE,1,0,0,0.29,16379,17,TRUE,1.1,0.9,
 'Caranne_Hill',1148,0,1,,-0.525894568,0.525894568,1,FALSE,TRUE,1,0,0,1.6,16378,17,TRUE,1.1,0.9,
 'Tullynamoyla_3',1149,0,1,,-2.958156947,2.958156947,1,FALSE,TRUE,1,0,0,9,16377,17,TRUE,1.1,0.9,
    'Geevagh',1150,0,1,,-1.626986321,1.626986321,1,FALSE,TRUE,1,0,0,4.95,16376,17,TRUE,1.1,0.9,
 'Moneenatieve_2',1151,0,1,,-1.301589057,1.301589057,1,FALSE,TRUE,1,0,0,3.96,16375,17,TRUE,1.1,0.9,
 'Altagowlan',1152,0,1,,-2.514433405,2.514433405,1,FALSE,TRUE,1,0,0,7.65,16374,17,TRUE,1.1,0.9,
 'Black_Banks_',1153,0,1,,-2.235051915,2.235051915,1,FALSE,TRUE,1,0,0,6.8,16373,17,TRUE,1.1,0.9,
 'Black_Banks__2',1154,0,1,,-1.117525958,1.117525958,1,FALSE,TRUE,1,0,0,3.4,16372,17,TRUE,1.1,0.9,
 'Caranne_Hill_2',1155,0,1,,-1.117525958,1.117525958,1,FALSE,TRUE,1,0,0,3.4,16371,17,TRUE,1.1,0.9,
Garravagh Solar,1169,0,1,,-4.601577472,4.601577472,1,FALSE,TRUE,10,0,0,14,,23,TRUE,1.1,0.9,
    'Clonfad',1172,0,1,,-32.86841052,32.86841052,1,FALSE,TRUE,11,0,0,100,15971,23,TRUE,1.1,0.9,
 'Cronalaght_1',1175,0,1.04,,-0.986052316,0.986052316,1,FALSE,TRUE,1,0,0,3,15772,17,TRUE,1.1,0.9,
 'Cronalaght',1176,0,1.04,,-0.650794528,0.650794528,1,FALSE,TRUE,1,0,0,1.98,15771,17,TRUE,1.1,0.9,
   'BOGGERAG',1179,0,1,,-18.734994,18.734994,1,FALSE,TRUE,5,0,0,57,15574,17,TRUE,1.1,0.9,
   'CARRIGCA_2',1180,0,1.05,,-6.573682104,6.573682104,1,FALSE,TRUE,5,0,0,20,15573,17,TRUE,1.1,0.9,
   'CARRIGCA',1180,0,1.05,,-0.986052316,0.986052316,1,FALSE,TRUE,5,0,0,3,15573,17,TRUE,1.1,0.9,
   'KILLAVOY',1181,0,1,,-5.916313893,5.916313893,1,FALSE,TRUE,5,0,0,18,15572,17,TRUE,1.1,0.9,
        'ESK_4',1182,5.0575,1.05,,-1.955670426,1.955670426,1,FALSE,FALSE,5,0,0,5.95,15571,17,TRUE,1.1,0.9,
        'ESK_2',1182,10.2,1.05,,-3.944209262,3.944209262,1,FALSE,FALSE,5,0,0,12,15571,17,TRUE,1.1,0.9,
        'ESK_3',1182,10.2,1.05,,-3.944209262,3.944209262,1,FALSE,FALSE,5,0,0,12,15571,17,TRUE,1.1,0.9,
        'ESK',1182,0,1.05,,-1.955670426,1.955670426,1,FALSE,TRUE,5,0,0,5.95,15571,17,TRUE,1.1,0.9,
Esk Solar,1191,0,1,,-4.15785393,4.15785393,1,FALSE,TRUE,2,0,0,12.65,,23,TRUE,1.1,0.9,
Courtown Solar Farm (previously Coolnastudd),1197,0,1,,-1.314736421,1.314736421,1,FALSE,TRUE,9,0,0,4,,23,TRUE,1.1,0.9,
Gorey Solar,1197,0,1,,-1.314736421,1.314736421,1,FALSE,TRUE,9,0,0,4,,23,TRUE,1.1,0.9,
 'Glantaunyalk',1202,0,1.05,,-3.283554211,3.283554211,1,FALSE,TRUE,5,0,0,9.99,15175,17,TRUE,1.1,0.9,
 'Glanruddery',1203,0,1,,-6.573682104,6.573682104,1,FALSE,TRUE,5,0,0,20,15174,17,TRUE,1.1,0.9,
 'CLOGHANALESK',1204,0,1,,-4.12498552,4.12498552,1,FALSE,TRUE,5,0,0,12.55,15172,17,TRUE,1.1,0.9,
 'Cloghboola',1205,0,1.05,,-15.11946884,15.11946884,1,FALSE,TRUE,5,0,0,46,15171,17,TRUE,1.1,0.9,
 'Glanruddery_2',1210,0,1.05,,-3.944209262,3.944209262,1,FALSE,TRUE,5,0,0,12,15112,17,TRUE,1.1,0.9,
Ballyvouskil BESS,1211,0,1,73.5,-23.00788736,23.00788736,1,FALSE,TRUE,5,0,-70,70,,14,TRUE,1.1,0.9,
Deenes BESS,1215,0,1,105,-16.40681492,16.40681492,1,FALSE,FALSE,7,0,-50,50,,14,TRUE,1.1,0.9,
     'Deenes',1215,0,1,,-26.29472841,26.29472841,1,FALSE,TRUE,7,0,0,80,14971,23,TRUE,1.1,0.9,
   'BEALLOUG',1218,0,1.05,,-0.558762979,0.558762979,1,FALSE,TRUE,12,0,0,1.7,14871,17,TRUE,1.1,0.9,
Keiloge Solar (Prev Coolnagapogue Solar Farm Phase 1),1221,0,1,,-1.314736421,1.314736421,1,FALSE,TRUE,12,0,0,4,,23,TRUE,1.1,0.9,
Loughdenee PV,1221,0,1,,-2.958156947,2.958156947,1,FALSE,TRUE,12,0,0,9,,23,TRUE,1.1,0.9,
Pickardstown PV,1221,0,1,,-3.286841052,3.286841052,1,FALSE,TRUE,12,0,0,10,,23,TRUE,1.1,0.9,
Carriglong Solar Park,1221,0,1,,-10.84677,10.84677,1,FALSE,TRUE,12,0,0,33,,23,TRUE,1.1,0.9,
Amberhill Community Solar Farm,1221,0,1,,-1.614736421,1.614736421,1,FALSE,TRUE,12,0,0,5,,23,TRUE,1.1,0.9,
Clashganny Community Solar Farm,1221,0,1,,-1.614736421,1.614736421,1,FALSE,TRUE,12,0,0,5,,23,TRUE,1.1,0.9,
Farran South Solar Phase 2,1228,0,1,,-1.804475737,1.804475737,1,FALSE,TRUE,8,0,0,5.49,,23,TRUE,1.1,0.9,
Farran South,1228,0,1,,-4.930261578,4.930261578,1,FALSE,TRUE,8,0,0,15,,23,TRUE,1.1,0.9,
 'Kilvinan_gen',1232,0,1,,-0.164342053,0.164342053,1,FALSE,TRUE,6,0,0,0.5,14472,17,TRUE,1.1,0.9,
   'KILVINAN',1233,0,1.04,,-1.314736421,1.314736421,1,FALSE,TRUE,6,0,0,4,14471,17,TRUE,1.1,0.9,
Farrangalway Solar PV Farm,1241,0,1,,-1.643420526,1.643420526,1,FALSE,TRUE,6,0,0,5,,23,TRUE,1.1,0.9,
Garryndruig,1241,0,1,,-1.643420526,1.643420526,1,FALSE,TRUE,6,0,0,5,,23,TRUE,1.1,0.9,
Cloghmacow Solar,1241,0,1,,-1.804475737,1.804475737,1,FALSE,TRUE,6,0,0,5.49,,23,TRUE,1.1,0.9,
Callatrim South Solar Farm (prev. Kilcawha),1241,0,1,,-1.972104631,1.972104631,1,FALSE,TRUE,6,0,0,6,,23,TRUE,1.1,0.9,
Finnis PV,1241,0,1,,-2.958156947,2.958156947,1,FALSE,TRUE,6,0,0,9,,23,TRUE,1.1,0.9,
Loan PV,1244,0,1,,-1.643420526,1.643420526,1,FALSE,TRUE,9,0,0,5,,23,TRUE,1.1,0.9,
Parksgrove solar,1244,0,1,,-11.50394368,11.50394368,1,FALSE,TRUE,9,0,0,35,,23,TRUE,1.1,0.9,
 'Bellacorick_',1248,0,1.04,,-2.120012478,2.120012478,1,FALSE,TRUE,2,0,0,6.45,14073,17,TRUE,1.1,0.9,
Dooleeg More Ext.,1263,0,1,,-0.329,0.329,1,FALSE,TRUE,2,0,0,1,,17,TRUE,1.1,0.9,
Leacht Cross Solar Phase 2,1267,0,1,,-1.643420526,1.643420526,1,FALSE,TRUE,10,0,0,5,,23,TRUE,1.1,0.9,
Grian PV Ballyboe,1274,0,1,,-3.944209262,3.944209262,1,FALSE,TRUE,8,0,0,12,,23,TRUE,1.1,0.9,
Altcor Wind Farm,1277,0,1,,-2.96,2.96,1,FALSE,TRUE,1,0,0,9,,17,TRUE,1.1,0.9,
 'Meenadreen',1279,0,1,,-1.117525958,1.117525958,1,FALSE,TRUE,1,0,0,3.4,13479,17,TRUE,1.1,0.9,
   'KILLYBEG',1280,0,1.05,,-0.838144468,0.838144468,1,FALSE,TRUE,1,0,0,6.55,13477,17,TRUE,1.1,0.9,
   'MEENACHU',1281,0,1.05,,-3.911340852,3.911340852,1,FALSE,TRUE,1,0,0,11.9,13476,17,TRUE,1.1,0.9,
   'LOUGHDER',1282,0,1.05,,-2.514433405,2.514433405,1,FALSE,TRUE,1,0,0,7.65,13475,17,TRUE,1.1,0.9,
 'Killin_Hill',1283,0,1.05,,-1.972104631,1.972104631,1,FALSE,TRUE,1,0,0,6,13474,17,TRUE,1.1,0.9,
   'CORKERMO',1284,0,1.05,,-3.286841052,3.286841052,1,FALSE,TRUE,1,0,0,10,13473,17,TRUE,1.1,0.9,
 'SHANAGH_Kilc',1285,0,1.05,,-0.838144468,0.838144468,1,FALSE,TRUE,1,0,0,2.55,13472,17,TRUE,1.1,0.9,
 'Burtonport',1286,0,1.05,,-0.216931509,0.216931509,1,FALSE,TRUE,1,0,0,0.66,13471,17,TRUE,1.1,0.9,
   'Glenties',1291,4.3,1,,-1.626986321,1.626986321,1,FALSE,TRUE,1,0,0,4.3,13434,13,TRUE,1.1,0.9,
Clogheravaddy Wind Farm (Phase 3),1300,0,1,,-1.31,1.31,1,FALSE,TRUE,1,0,0,4,,17,TRUE,1.1,0.9,
Coguish Wind Turbine,1300,0,1,,-0.756,0.756,1,FALSE,TRUE,1,0,0,2.3,,17,TRUE,1.1,0.9,
Meenawley Wind Turbine,1300,0,1,,-1.64,1.64,1,FALSE,TRUE,1,0,0,4.5,,17,TRUE,1.1,0.9,
 'Blundelstown',1302,0,1,,-19.72104631,19.72104631,1,FALSE,TRUE,11,0,0,60,13371,23,TRUE,1.1,0.9,
      'Blake',1304,0,1,,-1.640133685,1.640133685,1,FALSE,TRUE,11,0,2,4.99,13271,17,TRUE,1.1,0.9,
 'Scartaglen_2',1310,0,1.05,,-1.2489996,1.2489996,1,FALSE,TRUE,5,0,0,3.8,13172,17,TRUE,1.1,0.9,
 'Coolegrean_g',1311,0,1.05,,-6.080655946,6.080655946,1,FALSE,TRUE,5,0,0,18.5,13171,17,TRUE,1.1,0.9,
 'Scartaglen',1312,0,1,,-11.65185153,11.65185153,1,FALSE,TRUE,5,0,0,35.45,13170,17,TRUE,1.1,0.9,
Millvale PV,1323,0,1,,-2.629472841,2.629472841,1,FALSE,TRUE,9,0,0,8,,23,TRUE,1.1,0.9,
Ballinaclough Solar Farm,1323,0,1,,-2.958156947,2.958156947,1,FALSE,FALSE,9,0,0,9,,23,TRUE,1.1,0.9,
Ballinaclough Solar ph2,1323,0,1,,-13.78172453,13.78172453,1,FALSE,TRUE,9,0,0,42,,23,TRUE,1.1,0.9,
    'KEALKIL',1324,0,1.05,,-2.793814894,2.793814894,1,FALSE,TRUE,6,0,0,8.5,12874,17,TRUE,1.1,0.9,
    'GLANTAC_3',1325,16.6175,1.05,,-6.425774256,6.425774256,1,FALSE,FALSE,6,0,0,19.55,12873,17,TRUE,1.1,0.9,
    'GLANTAC',1325,0,1.05,,-6.425774256,6.425774256,1,FALSE,TRUE,6,0,0,19.55,12873,17,TRUE,1.1,0.9,
    'GLANTAC_4',1326,7.14,1.05,,-2.760946484,2.760946484,1,FALSE,FALSE,6,0,0,8.4,12872,17,TRUE,1.1,0.9,
    'GLANTAC_2',1326,0,1.05,,-2.760946484,2.760946484,1,FALSE,TRUE,6,0,0,8.4,12872,17,TRUE,1.1,0.9,
Curraglass Wind Farm,1329,35.7,1,,-13.8,13.8,1,FALSE,FALSE,6,0,0,42,,17,TRUE,1.1,0.9,
 'Painestown',1331,0,1.05,,-2.346804511,2.346804511,1,FALSE,TRUE,11,0,0,7.14,12772,23,TRUE,1.1,0.9,
  'Baltrasna',1332,9,1.04,,-3.286841052,3.286841052,1,FALSE,FALSE,11,0,0,10,12771,99,TRUE,1.1,0.9,
Hilltown PV,1334,0,1,,-3.286841052,3.286841052,1,FALSE,TRUE,11,0,0,10,,23,TRUE,1.1,0.9,
  'Crossmore',1337,3,1.05,,-2.235051915,2.235051915,1,FALSE,TRUE,4,0,0,15,12575,3,TRUE,1.1,0.9,
Crossmore (2),1337,0,1.05,,-3.29,3.29,1,FALSE,TRUE,4,0,0,10,,17,TRUE,1.1,0.9,
 'Lissycasey',1338,0,1.05,,-4.404367009,4.404367009,1,FALSE,TRUE,4,0,0,13.4,12574,17,TRUE,1.1,0.9,
 'BOOLTIAGH_PH',1339,0,1.05,,-3.944209262,3.944209262,1,FALSE,TRUE,4,0,0,12,12572,17,TRUE,1.1,0.9,
  'Booltiagh',1340,0,1.05,,-6.392905846,6.392905846,1,FALSE,TRUE,4,0,0,19.45,12571,17,TRUE,1.1,0.9,
Gortaheera CM2 Windfarm,1348,0,1,,-1.31,1.31,1,FALSE,TRUE,4,0,0,4,,17,TRUE,1.1,0.9,
 'Knocknalour',55,0,1.05,,-1.298302215,1.298302215,1,FALSE,TRUE,9,0,0,3.95,68307,17,TRUE,1.1,0.9,
   'Ballaman',614,0,1.04,,-1.183262779,1.183262779,1,FALSE,TRUE,9,0,0,3.6,36474,17,TRUE,1.1,0.9,
 'Ballinknocka',1361,0,1,,-16.43420526,16.43420526,1,FALSE,TRUE,5,0,0,50,11571,23,TRUE,1.1,0.9,
Moate Solar Farm,1366,0,1,,-3.286841052,3.286841052,1,FALSE,TRUE,2,0,0,10,,23,TRUE,1.1,0.9,
Rooaun Solar,1368,0,1,,-1.314736421,1.314736421,1,FALSE,TRUE,3,0,0,4,,23,TRUE,1.1,0.9,
Cuilmore Solar,1368,0,1,,-13.14736421,13.14736421,1,FALSE,TRUE,3,0,0,40,,23,TRUE,1.1,0.9,
   'Athea 1b',1373,0,1.05,,-11.22456219,11.22456219,1,FALSE,TRUE,5,0,0,34.15,11372,17,TRUE,1.1,0.9,
      'Athea',1374,0,1.05,,-11.2574306,11.2574306,1,FALSE,TRUE,5,0,0,34.25,11371,17,TRUE,1.1,0.9,
 'Castledockri_2',1008,0,1.05,,-1.084657547,1.084657547,1,FALSE,TRUE,9,0,0,3.3,19973,17,TRUE,1.1,0.9,
Coolnagloose Community Solar Farm,1389,0,1,,-0.328684105,0.328684105,1,FALSE,TRUE,9,0,0,1,,23,TRUE,1.1,0.9,
Templerainey East Solar Farm (Ballycooleen),1389,0,1,,-1.314736421,1.314736421,1,FALSE,TRUE,9,0,0,4,,23,TRUE,1.1,0.9,
   'CRONELEA_4',1034,0,1.04,,-0.838144468,0.838144468,1,FALSE,TRUE,9,0,0,2.55,19081,17,TRUE,1.1,0.9,
Ballymoney PV,1389,0,1,,-2.958156947,2.958156947,1,FALSE,TRUE,9,0,0,9,,23,TRUE,1.1,0.9,
Coolboy Solar Farm,1389,0,1,,-3.286841052,3.286841052,1,FALSE,TRUE,9,0,0,10,,23,TRUE,1.1,0.9,
Johnstown North PV,1389,0,1,,-7.231050314,7.231050314,1,FALSE,TRUE,9,0,0,22,,23,TRUE,1.1,0.9,
Ballymoney PV ph 2,1389,0,1,,-2.958156947,2.958156947,1,FALSE,TRUE,9,0,0,9.4,,23,TRUE,1.1,0.9,
   'SELTANAV',1397,0,1.04,,-1.511946884,1.511946884,1,FALSE,TRUE,1,0,0,4.6,10674,17,TRUE,1.1,0.9,
    'SPIONKO',1398,0,1.05,,-0.394420926,0.394420926,1,FALSE,TRUE,1,0,0,1.2,10673,17,TRUE,1.1,0.9,
   'KILRONAN',1399,0,1.04,,-1.643420526,1.643420526,1,FALSE,TRUE,1,0,0,5,10672,17,TRUE,1.1,0.9,
    'CORRIEM',1400,0,1.04,,-1.577683705,1.577683705,1,FALSE,TRUE,1,0,0,4.8,10671,17,TRUE,1.1,0.9,
     'Agh_G1',1407,0,1.05,,-58.50577072,58.50577072,1,FALSE,TRUE,10,0,-178,178,10471,14,TRUE,1.1,0.9,
   'AGH_CCGT',1408,222,1.05,,-170,270,1,FALSE,TRUE,10,0,222,431.06,10470,9,TRUE,1.1,0.9,
    'MIENVEE',1411,0,1.05,,-0.216931509,0.216931509,1,FALSE,TRUE,4,0,0,0.66,10276,17,TRUE,1.1,0.9,
   'KNOCKAST',1412,0,1.05,,-2.465130789,2.465130789,1,FALSE,TRUE,4,0,0,7.5,10275,17,TRUE,1.1,0.9,
     'ARDNG4',1413,24,1.05,,-7,15,1,FALSE,TRUE,4,0,5,24,10274,13,TRUE,1.1,0.9,
     'ARDNG3',1414,19,1.05,,-7,15,1,FALSE,TRUE,4,0,5,19,10273,13,TRUE,1.1,0.9,
     'ARDNG2',1415,22,1.05,,-7,15,1,FALSE,TRUE,4,0,5,22,10272,13,TRUE,1.1,0.9,
     'ARDNG1',1416,21,1.05,,-7,15,1,FALSE,TRUE,4,0,5,21,10271,13,TRUE,1.1,0.9,
Garrynacurra Solar Farm (Cratloe Community Solar),1420,0,1,,-1.643420526,1.643420526,1,FALSE,FALSE,4,0,0,5,,23,TRUE,1.1,0.9,
Drummin Solar Farm,1420,0,1,,-16.76288936,16.76288936,1,FALSE,TRUE,4,0,0,51,,23,TRUE,1.1,0.9,
Ballyglass Solar Farm,1420,0,1,,-26.29472841,26.29472841,1,FALSE,TRUE,4,0,0,80,,23,TRUE,1.1,0.9,
Dromsallagh Solar,1422,0,1,,-1.314736421,1.314736421,1,FALSE,TRUE,4,0,0,4,,23,TRUE,1.1,0.9,
Ballymackesy East Solar Farm,1427,0,1,,-1.314736421,1.314736421,1,FALSE,FALSE,9,0,0,4,,23,TRUE,1.1,0.9,
Blusheens Solar (2),1427,0,1,,-1.314736421,1.314736421,1,FALSE,FALSE,9,0,0,4,,23,TRUE,1.1,0.9,
Ballyglasheen BESS,1432,0,1,63,-19.72104631,19.72104631,1,FALSE,FALSE,8,0,-60,60,,14,TRUE,1.1,0.9,
Rathduff Solar Farm,1432,0,1,,-8.203407458,8.203407458,1,FALSE,TRUE,9,0,0,25,,23,TRUE,1.1,0.9,
Tullamore BESS,1436,0,1,160.65,-50.28866809,50.28866809,1,FALSE,TRUE,11,0,-153,153,,14,TRUE,1.1,0.9,
Thornsberry BESS,1436,0,1,157.5,-49.30261578,49.30261578,1,FALSE,TRUE,11,0,-150,150,,14,TRUE,1.1,0.9,
Tullamore PV,1436,0,1,,-9.860523155,9.860523155,1,FALSE,TRUE,11,0,0,30,,23,TRUE,1.1,0.9,
Clonminch Community Wind Turbine,1436,0,1,,-1.64,1.64,1,FALSE,TRUE,11,0,0,5,,17,TRUE,1.1,0.9,
Ballyteige Solar,1436,0,1,,-29.53226685,29.53226685,1,FALSE,TRUE,11,0,0,90,,23,TRUE,1.1,0.9,
Ballyteige Solar Extension,1436,0,1,,-29.53226685,29.53226685,1,FALSE,TRUE,11,0,0,90,,23,TRUE,1.1,0.9,
Gormagh solar,1436,0,1,,-13.12545193,13.12545193,1,FALSE,TRUE,11,0,-40,40,,14,TRUE,1.1,0.9,
Gormagh BESS,1436,0,1,,-13.12545193,13.12545193,1,FALSE,TRUE,11,0,0,40,,23,TRUE,1.1,0.9,
Moyneard Solar Farm,1437,0,1,,-1.314736421,1.314736421,1,FALSE,FALSE,8,0,0,4,,23,TRUE,1.1,0.9,
Rahealty Solar Farm,1437,0,1,,-5.916313893,5.916313893,1,FALSE,FALSE,8,0,0,18,,23,TRUE,1.1,0.9,
Test_PV_3,1439,0,1,,-16,16,1,FALSE,FALSE,5,0,0,50,,23,TRUE,1.1,0.9,
Test BESS reduced,1439,0,1,105,-32.8684,32.8684,1,FALSE,FALSE,0,0,-100,100,,14,TRUE,1.1,0.9,
Barnaleen Solar ext,1440,0,1,,-11.50394368,11.50394368,1,FALSE,TRUE,8,0,0,35,,23,TRUE,1.1,0.9,
Gortdrum Solar PV,1440,0,1,,-15.77683705,15.77683705,1,FALSE,TRUE,8,0,0,48,,23,TRUE,1.1,0.9,
Barnaleen Solar,1440,0,1,,-18.07762578,18.07762578,1,FALSE,TRUE,8,0,0,55,5274,23,TRUE,1.1,0.9,
Ballyvalode solar,1860,0,1,,-37.14130389,37.14130389,1,FALSE,TRUE,8,0,0,113,,23,TRUE,1.1,0.9,
Tawnamore DC Power,1444,0,1,,-23.33657147,23.33657147,1,FALSE,TRUE,2,0,0,71,,9,TRUE,1.1,0.9,
Einagh Solar (prev Moanmore Solar),1447,0,1,,-5.587629788,5.587629788,1,FALSE,FALSE,4,0,0,17,,23,TRUE,1.1,0.9,
Tynagh OCGT,1453,75,1.05,,-98.27654745,98.27654745,1,FALSE,TRUE,3,0,75,299,51772,9,TRUE,1.1,0.9,
Tynagh North,1453,75,1.05,,-115.0394368,115.0394368,1,FALSE,TRUE,3,0,75,350,51772,9,TRUE,1.1,0.9,
Tarbert BESS,1456,0,1,105,-32.86841052,32.86841052,1,FALSE,TRUE,5,0,-100,100,,14,TRUE,1.1,0.9,
Ballysumahan BESS,1465,0,1,210,-65.73682104,65.73682104,1,FALSE,TRUE,2,0,-200,200,,14,TRUE,1.1,0.9,
Ballinrea Solar,1484,0,1,,-18.07762578,18.07762578,1,FALSE,TRUE,10,0,0,55,4721,23,TRUE,1.1,0.9,
Richmond BESS,1485,0,1,157.5,-49.30261578,49.30261578,1,FALSE,TRUE,3,0,-150,150,,14,TRUE,1.1,0.9,
Ballynash Bishop Solar Farm,1488,0,1,,-3.286841052,3.286841052,1,FALSE,FALSE,5,0,0,10,,23,TRUE,1.1,0.9,
Codling Banks,1496,0,1,,-328.5714286,328.5714286,1,FALSE,TRUE,11,0,0,1000,,16,TRUE,1.1,0.9,
Knockbarry Solar Farm (prev Buttevant),1522,0,1,,-1.643420526,1.643420526,1,FALSE,FALSE,5,0,0,5,,23,TRUE,1.1,0.9,
Kilcummer Upper Solar Farm,1522,0,1,,-3.286841052,3.286841052,1,FALSE,FALSE,5,0,0,10,,23,TRUE,1.1,0.9,
Ardagh South BESS,1542,0,1,63,-19.72104631,19.72104631,1,FALSE,TRUE,7,0,-60,60,,14,TRUE,1.1,0.9,
Ballyvatta Solar Extension,1543,0,1,,-13.80473242,13.80473242,1,FALSE,FALSE,10,0,0,42,,23,TRUE,1.1,0.9,
  'Greenlink',1548,-250,1.05,,-163,163,1,FALSE,TRUE,9,0,-530,500,3662,49,TRUE,1.1,0.9,
Tincurry BESS,1551,0,1,63,-19.72104631,19.72104631,1,FALSE,TRUE,9,0,-60,60,,14,TRUE,1.1,0.9,
Ballylough BESS,1551,0,1,26.25,-19.72104631,19.72104631,1,FALSE,TRUE,9,0,-25,25,,14,TRUE,1.1,0.9,
Ballylough Solar Farm,1551,0,1,,-21.69315094,21.69315094,1,FALSE,TRUE,9,0,0,30,,23,TRUE,1.1,0.9,
Tincurry Solar Farm,1551,0,1,,-21.69315094,21.69315094,1,FALSE,TRUE,9,0,0,66,,23,TRUE,1.1,0.9,
Derrycarney Solar,1558,0,1,,-34.51183104,34.51183104,1,FALSE,TRUE,3,0,0,105,,23,TRUE,1.1,0.9,
Lumcloon Solar ,1558,0,1,,-31.22498999,31.22498999,1,FALSE,TRUE,3,0,0,95,,23,TRUE,1.1,0.9,
Derryadd,1566,0,1,,-29.53226685,29.53226685,1,FALSE,TRUE,3,0,0,90,,17,TRUE,1.1,0.9,
Midleton Solar,1566,0,1,,-18.734994,18.734994,1,FALSE,TRUE,3,0,0,57,3501,23,TRUE,1.1,0.9,
Shannon Clean Tech BESS 1,1572,0,1,,-32.86841052,32.86841052,1,FALSE,TRUE,5,0,-100,100,,14,TRUE,1.1,0.9,
Grangeford Solar PV,1580,0,1,,-15.77683705,15.77683705,1,FALSE,TRUE,9,0,0,48,,23,TRUE,1.1,0.9,
     'Garreenleen',1580,0,1,,-26.29472841,26.29472841,1,FALSE,TRUE,9,0,0,81,3341,23,TRUE,1.1,0.9,
     'Garreenleen ph 2',1580,0,1,,-26.29472841,26.29472841,1,FALSE,TRUE,9,0,0,82,3341,23,TRUE,1.1,0.9,
Baunogephlure Solar,1580,0,1,,-14.76613343,14.76613343,1,FALSE,TRUE,9,0,0,45,,23,TRUE,1.1,0.9,
Baunogephlure BESS,1580,0,1,,-19.6881779,19.6881779,1,FALSE,TRUE,9,0,-60,60,,14,TRUE,1.1,0.9,
Grangeford Solar PV ph 2,1580,0,1,,-7.231050314,7.231050314,1,FALSE,TRUE,9,0,0,22,,23,TRUE,1.1,0.9,
Kellistown Battery Storage,1580,0,1,,-32.86841052,32.86841052,1,FALSE,TRUE,9,0,-100,100,,14,TRUE,1.1,0.9,
Derrynahinch Solar Farm,1589,0,1,,-3.286841052,3.286841052,1,FALSE,FALSE,9,0,0,10,,23,TRUE,1.1,0.9,
Brownstown Solar,1589,0,1,,-16.40681492,16.40681492,1,FALSE,TRUE,9,0,0,50,,23,TRUE,1.1,0.9,
Brownstown BESS,1589,0,1,,-16.40681492,16.40681492,1,FALSE,TRUE,9,0,-50,50,,14,TRUE,1.1,0.9,
Kilderry Solar,1589,0,1,,-11.48477044,11.48477044,1,FALSE,TRUE,9,0,0,35,,23,TRUE,1.1,0.9,
Threecastles Solar Farm,1591,0,1,,-4.930261578,4.930261578,1,FALSE,FALSE,11,0,0,15,,23,TRUE,1.1,0.9,
porterstown BESS ph2,1591,0,1,63,-19.72104631,19.72104631,1,FALSE,TRUE,11,0,-60,60,,14,TRUE,1.1,0.9,
Kilnaglory Solar Farm,1593,0,1,,-3.286841052,3.286841052,1,FALSE,FALSE,10,0,0,10,,23,TRUE,1.1,0.9,
Kilmorna BESS,1598,0,1,178.5,-55.87629788,55.87629788,1,FALSE,TRUE,5,0,-170,170,,14,TRUE,1.1,0.9,
 'Ringsend OCGT,1601,75,1,,-98.27654745,98.27654745,1,FALSE,TRUE,11,0,74.75,299,31272,9,TRUE,1.1,0.9,
Harristown Solar PV,1612,0,1,,-13.80473242,13.80473242,1,FALSE,TRUE,11,0,0,42,,23,TRUE,1.1,0.9,
Profile Park Gas,1616,0,1,,-32.86841052,32.86841052,1,FALSE,TRUE,11,0,0,100,,9,TRUE,1.1,0.9,
Kilmannoc Ph2,1627,0,1,94.5,-29.58156947,29.58156947,1,FALSE,TRUE,9,0,-90,90,,14,TRUE,1.1,0.9,
Toolestown Solar,1629,0,1,,-16.43420526,16.4342,1,FALSE,TRUE,11,0,0,50,,23,TRUE,1.1,0.9,
Ballykea Solar Farm,1630,0,1,,-0.328684105,0.328684105,1,FALSE,FALSE,11,0,0,1,,23,TRUE,1.1,0.9,
Rathdrinagh Solar,1631,0,1,,-23.62581348,23.62581348,1,FALSE,TRUE,7,0,0,72,,23,TRUE,1.1,0.9,
Clare East BESS,1655,0,1,73.5,-23.00788736,23.00788736,1,FALSE,TRUE,2,0,-70,70,,14,TRUE,1.1,0.9,
Cush Wind Farm,1659,0,1.05,,-18.93220446,18.93220446,1,FALSE,TRUE,11,0,0,57.6,,17,TRUE,1.1,0.9,
Derrigra Solar,1661,0,1,,-1.643420526,1.643420526,1,FALSE,FALSE,6,0,0,5,,23,TRUE,1.1,0.9,
Delamain Solar Farm,1664,0,1.05,,-69.0236621,69.0236621,1,FALSE,TRUE,11,0,0,210,,23,TRUE,1.1,0.9,
Rathdrinagh Solar Farm,1665,0,1,,-0.986052316,0.986052316,1,FALSE,FALSE,7,0,0,3,,23,TRUE,1.1,0.9,
Stamullen Solar Park,1665,0,1,,-1.314736421,1.314736421,1,FALSE,FALSE,7,0,0,4,,23,TRUE,1.1,0.9,
Glenamoy Solar,1665,0,1,,-6.573682104,6.573682104,1,FALSE,FALSE,7,0,0,20,,23,TRUE,1.1,0.9,
Horsepasture BESS,1667,0,1,105,-32.86841052,32.86841052,1,FALSE,TRUE,8,0,-100,100,,14,TRUE,1.1,0.9,
Powerscourt Battery Storage,1667,0,1,,-32.86841052,32.86841052,1,FALSE,TRUE,8,0,-100,100,,14,TRUE,1.1,0.9,
Clashnagoneen Solar Farm,1669,0,1,,-1.314736421,1.314736421,1,FALSE,FALSE,12,0,0,4,,23,TRUE,1.1,0.9,
Ardsallagh Solar Farm,1669,0,1,,-1.643420526,1.643420526,1,FALSE,FALSE,12,0,0,5,,23,TRUE,1.1,0.9,
Ballymac Solar,1669,0,1,,-9.860523156,9.860523156,1,FALSE,FALSE,12,0,0,30,,23,TRUE,1.1,0.9,
Ballymac BESS,1669,0,1,31.5,-9.860523156,9.860523156,1,FALSE,TRUE,12,0,-30,30,,14,TRUE,1.1,0.9,
Firgrove Solar Park,1671,0,1,,-1.314736421,1.314736421,1,FALSE,FALSE,4,0,0,4,,23,TRUE,1.1,0.9,
Knockranny WF,1674,0,1,,-15.7,15.7,1,FALSE,TRUE,2,0,0,47,,17,TRUE,1.1,0.9,
Cullenagh BESS,1683,0,1,105,-32.86841052,32.86841052,1,FALSE,TRUE,12,0,-100,100,,14,TRUE,1.1,0.9,
Coumaclovane Solar Extension,1686,0,1,,-2.300788736,2.300788736,1,FALSE,FALSE,5,0,0,7,,23,TRUE,1.1,0.9,
 'Barnacurragh Solar ',1699,0,1,,-16.43420526,16.4342,1,FALSE,TRUE,2,0,0,50,1821,23,TRUE,1.1,0.9,
Dernacart Wind,1703,0,1,,-18.93220446,18.93220446,1,FALSE,TRUE,11,0,0,57.6,,17,TRUE,1.1,0.9,
 'Treascon',1703,0,1,,-19.72104631,19.72104631,1,FALSE,TRUE,11,0,0,60,1791,23,TRUE,1.1,0.9,
Bishopswood,1703,0,1,,-8.217102629,8.217102629,1,FALSE,TRUE,11,0,0,25,1791,23,TRUE,1.1,0.9,
Springmount Solar,1709,0,1,,-21.32885939,21.32885939,1,FALSE,TRUE,8,0,0,65,,23,TRUE,1.1,0.9,
Barretspark Battery Storage,1718,0,1,,-32.86841052,32.86841052,1,FALSE,TRUE,2,0,-100,100,,14,TRUE,1.1,0.9,
An Screaban Solar,1726,0,1,,-1.643420526,1.643420526,1,FALSE,FALSE,1,0,0,5,,23,TRUE,1.1,0.9,
Carrigraigue Solar Extension,1728,0,1,,-3.77986721,3.77986721,1,FALSE,TRUE,5,0,0,11.5,,23,TRUE,1.1,0.9,
Ballinagree Wind Farm,1728,0,1,,-36.81261979,36.81261979,1,FALSE,TRUE,5,0,0,112,,17,TRUE,1.1,0.9,
Test BESS,1734,0,1,,-3.28684105,3.28684105,1,FALSE,FALSE,0,0,-10,10,,14,TRUE,1.1,0.9,
Hawkinstown,1734,0,1,,-27.89158536,27.89158536,1,FALSE,TRUE,7,0,0,85,14971,23,TRUE,1.1,0.9,
Sheskin South Wind Farm,1744,0,1.05,,-42.59746004,42.59746004,1,FALSE,TRUE,2,0,0,129.6,,17,TRUE,1.1,0.9,
Knocknamork wind,1761,0,1,,-13.8,13.8,1,FALSE,TRUE,5,0,0,42,,17,TRUE,1.1,0.9,
Knocknamork solar,1761,0,1,,-4.272893367,4.272893367,1,FALSE,TRUE,5,0,0,13,,23,TRUE,1.1,0.9,
Taduff storage,1766,0,1,105,-26.29472842,26.29472842,1,FALSE,TRUE,3,0,-80,80,,14,TRUE,1.1,0.9,
     'Taduff',1766,0,1,,-26.29472841,26.29472841,1,FALSE,TRUE,3,0,0,80,1141,23,TRUE,1.1,0.9,
Cuileen Power,1766,0,1,,-32.86841052,32.86841052,1,FALSE,TRUE,3,0,0,100,,9,TRUE,1.1,0.9,
Kish Crag Wicklow,1769,0,1,119.7,-37.46998799,37.46998799,1,FALSE,FALSE,9,0,-114,114,,14,FALSE,1.1,0.9,
Templemichael BESS,1769,0,1,21,-6.573682104,6.573682104,1,FALSE,TRUE,9,0,-20,20,,14,TRUE,1.1,0.9,
North Arklow Solar,1769,0,1,,-25,25,1,FALSE,TRUE,9,0,0,77,,23,TRUE,1.1,0.9,
Fahybeg Windfarms,1780,0,1,,-13.14736421,13.14736421,1,FALSE,TRUE,4,0,0,40,,17,TRUE,1.1,0.9,
Sligo BESS,1788,0,1,105,-32.86841052,32.86841052,1,FALSE,FALSE,2,0,-100,100,,14,TRUE,1.1,0.9,
Flagford BESS,1792,0,1,105,-32.86841052,32.86841052,1,FALSE,TRUE,2,0,-100,100,,14,TRUE,1.1,0.9,
Rosspile BESS,1794,0,1,105,-31.22498999,31.22498999,1,FALSE,TRUE,9,0,-100,100,,14,TRUE,1.1,0.9,
Lyrenacarriga WF,1795,0,1.05,,-27.931,27.931,1,FALSE,TRUE,12,0,0,85,91047,17,TRUE,1.1,0.9,
Rathnaskilloge BESS,1796,0,1.05,105,-31.22498999,31.22498999,1,FALSE,TRUE,12,0,-100,100,,14,TRUE,1.1,0.9,
 'Rathnaskilloge Solar',1796,0,1.05,,-31.22498999,31.22498999,1,FALSE,TRUE,12,0,0,95,47971,23,TRUE,1.1,0.9,
Derrinlough WF,1800,0,1.05,,-34.51183104,34.51183104,1,FALSE,TRUE,3,0,0,105,91047,17,TRUE,1.1,0.9,
 'Manusmore',1801,0,1,,-19.72104631,19.72104631,1,FALSE,TRUE,4,0,0,60,91048,23,TRUE,1.1,0.9,
Moyvilla solar farm,1801,0,1,,-27.89158536,27.89158536,1,FALSE,TRUE,4,0,0,85,91048,23,TRUE,1.1,0.9,
Manusmore phase 2,1801,0,1,,-19.6881779,19.6881779,1,FALSE,TRUE,4,0,0,60,91048,23,TRUE,1.1,0.9,
 'Clondardis',1802,0,1,,-19.72104631,19.72104631,1,FALSE,TRUE,3,0,0,59,91049,23,TRUE,1.1,0.9,
Clondardis solar (dso),1802,0,1,,-4,4,1,FALSE,TRUE,3,0,0,11.4,,23,TRUE,1.1,0.9,
 'Tomsallagh Solar ',1803,0,1,,-16.43420526,16.4342,1,FALSE,TRUE,9,0,0,50,91050,23,TRUE,1.1,0.9,
Yellow River,1804,0,1,,-37.46998799,37.46998799,1,FALSE,TRUE,11,0,0,110,,17,TRUE,1.1,0.9,
Carrownagowan,1805,0,1,,-32.86841052,32.86841052,1,FALSE,TRUE,4,0,0,91.2,,17,TRUE,1.1,0.9,
Coole Windfarm,1806,0,1,,-29.25288536,29.25288536,1,FALSE,TRUE,3,0,0,98,,17,TRUE,1.1,0.9,
Drehid WF,1807,0,1,,-19.72104631,19.72104631,1,FALSE,TRUE,3,0,0,60,,17,TRUE,1.1,0.9,
 'Kilbranish_f',1065,0,1,,-0.821710263,0.821710263,1,FALSE,TRUE,9,0,0,2.5,18472,17,TRUE,1.1,0.9,
Shrownoen,1809,0,1,,-17.38738916,17.38738916,1,FALSE,TRUE,5,0,0,50,,17,TRUE,1.1,0.9,
Ballylongford solar,1809,0,1,,-42.07156546,42.07156546,1,FALSE,TRUE,5,0,0,128,,23,TRUE,1.1,0.9,
Cushaling WF,1810,0,1,,-17.38738916,17.38738916,1,FALSE,TRUE,11,0,0,50,,17,TRUE,1.1,0.9,
Cushaling ESPS,1810,0,1,21,-8,8,1,FALSE,TRUE,11,0,-20,20,,14,TRUE,1.1,0.9,
Kilcush Solar,1810,0,1,,-17.38738916,17.38738916,1,FALSE,TRUE,11,0,0,50,,23,TRUE,1.1,0.9,
Dumlins WF,1811,0,1,,-17.38738916,17.38738916,1,FALSE,TRUE,7,0,0,49,,17,TRUE,1.1,0.9,
Dumlins BESS,1811,0,1,,-6.573682104,6.573682104,1,FALSE,TRUE,7,0,-20,20,,14,TRUE,1.1,0.9,
 Liss Wind Farm,1813,0,1,,-0.739539237,0.739539237,1,FALSE,TRUE,9,0,0,2.35,,17,TRUE,1.1,0.9,
 'Castledockri_3',1009,0,1.05,,-0.755973442,0.755973442,1,FALSE,TRUE,9,0,0,2.3,19972,17,TRUE,1.1,0.9,
Bracklyn Wind Farm,1814,0,1.05,,-21.29873002,21.29873002,1,FALSE,TRUE,11,0,0,64.8,,17,TRUE,1.1,0.9,
Bracklyn BESS,1814,0,1.05,26.25,-8.217102629,8.217102629,1,FALSE,TRUE,11,0,-25,25,,14,TRUE,1.1,0.9,
Ballivor Wind Farm,1814,0,1.05,,-59.82050715,59.82050715,1,FALSE,TRUE,11,0,0,182,,17,TRUE,1.1,0.9,
Castlelost Flexgen,1816,0,1,,-90.38812892,90.38812892,1,FALSE,TRUE,11,0,0,275,,9,TRUE,1.1,0.9,
Derrygreenagh,1818,0,1,,-197.2104631,197.2104631,1,FALSE,TRUE,11,0,0,600,,9,TRUE,1.1,0.9,
Coolcarrigan BESS,1819,0,1,84,-26.29472841,26.29472841,1,FALSE,TRUE,11,0,-80,80,,14,TRUE,1.1,0.9,
coolcarrigan PV,1819,0,1,,-39.44209262,39.44209262,1,FALSE,TRUE,11,0,0,120,,23,TRUE,1.1,0.9,
Rath Solar ph2,1820,0,1,,-23.41874249,23.41874249,1,FALSE,TRUE,3,0,0,71.25,,23,TRUE,1.1,0.9,
Rath Solar Farm,1820,0,1,,-31.5536741,31.5536741,1,FALSE,TRUE,3,0,0,96,,23,TRUE,1.1,0.9,
Kilcormac solar,1820,0,1,,-41.08551315,41.08551315,1,FALSE,TRUE,11,0,0,125,,23,TRUE,1.1,0.9,
Rath Solar extension,1820,0,1,,-15.75054232,15.75054232,1,FALSE,TRUE,3,0,0,48,,23,TRUE,1.1,0.9,
Clonymeath Solar,1821,0,1,,-25.96604431,25.96604431,1,FALSE,TRUE,11,0,0,79,,23,TRUE,1.1,0.9,
Clonymeath Solar ph 2,1821,0,1,,-1.25879019,1.25879019,1,FALSE,TRUE,11,0,0,4,,23,TRUE,1.1,0.9,
Culmullin Solar,1822,0,1,,-23.00788736,23.00788736,1,FALSE,TRUE,11,0,0,70,,23,TRUE,1.1,0.9,
Culmullin Solar extension,1822,0,1,,-39.44209262,39.44209262,1,FALSE,TRUE,11,0,0,120,,23,TRUE,1.1,0.9,
Blackhall Solar Farm,1823,0,1.05,,-54.56156147,54.56156147,1,FALSE,TRUE,11,0,0,166,,23,TRUE,1.1,0.9,
Millfarm Solar,1824,0,1,,-20.70709863,20.70709863,1,FALSE,TRUE,7,0,0,63,,23,TRUE,1.1,0.9,
   'CRONELEA_3',1033,0,1.05,,-0.558762979,0.558762979,1,FALSE,TRUE,9,0,0,1.7,19082,17,TRUE,1.1,0.9,
Coom Green wind,1826,0,1,,-39.77077673,39.77077673,1,FALSE,TRUE,11,0,0,121,,17,TRUE,1.1,0.9,
Coom Green BESS,1826,0,1,60,-16.43420526,16.43420526,1,FALSE,TRUE,11,0,-50,50,,14,TRUE,1.1,0.9,
Garr Solar,1829,0,1,,-27.93814894,27.93814894,1,FALSE,TRUE,11,0,0,85,,23,TRUE,1.1,0.9,
 'Ballyduf_ph1',49,0,1.05,,-0.197210463,0.197210463,1,FALSE,TRUE,9,0,0,0.6,68323,17,TRUE,1.1,0.9,
Killoran Solar,1832,0,1.05,,-25,25,1,FALSE,TRUE,8,0,0,76,,23,TRUE,1.1,0.9,
Mothel BESS 2,1835,0,1,60,-18.07762578,18.07762578,1,FALSE,TRUE,8,0,-55,55,,14,TRUE,1.1,0.9,
Mothel PV 1,1835,0,1,,-9.860523155,9.860523155,1,FALSE,FALSE,8,0,0,30,,23,TRUE,1.1,0.9,
Mothel PV 2,1835,0,1,,-8.21710263,8.21710263,1,FALSE,TRUE,8,0,0,25,,23,TRUE,1.1,0.9,
Mothel Ph 2,1835,0,1,,-59.16313894,59.16313894,1,FALSE,TRUE,8,0,0,180,,23,TRUE,1.1,0.9,
Curraghmore Solar,1840,0,1,,-32.86841052,32.86841052,1,FALSE,FALSE,8,0,0,100,,23,TRUE,1.1,0.9,
Skerd Rocks,1841,400,1,,-147.8571429,147.8571429,1,FALSE,FALSE,5,0,0,450,,16,TRUE,1.1,0.9,
      Skerd Rocks,1841,0,1,,-147.8571429,147.8571429,1,FALSE,TRUE,5,0,0,450,,16,TRUE,1.1,0.9,
Kish and Bray Dublin Array,1842,0,1,,-230,230,1,FALSE,TRUE,11,0,0,700,,16,TRUE,1.1,0.9,
NISA,1843,0,1,,-164.2857143,164.2857143,1,FALSE,TRUE,11,0,0,500,,16,TRUE,1.1,0.9,
Modelligo Solar Farm,1846,0,1,,-26.29472841,26.29472841,1,FALSE,TRUE,12,0,0,80,,23,TRUE,1.1,0.9,
Dyrick Hill Wind Farm,1847,0,1,,-24.45409742,24.45409742,1,FALSE,FALSE,12,0,0,74.4,,17,TRUE,1.1,0.9,
Test BESS,1847,0,1,105,-32.8684,32.8684,1,FALSE,FALSE,0,0,-100,100,,14,TRUE,1.1,0.9,
Coumnagappul Wind Farm,1848,0,1,,-22.35051915,22.35051915,1,FALSE,FALSE,12,0,0,68,,17,TRUE,1.1,0.9,
Loughryan storage,1849,0,1,105,-32.86841052,32.86841052,1,FALSE,FALSE,8,0,-100,100,,14,TRUE,1.1,0.9,
Loughryan Solar,1849,0,1,,-32.86841052,32.86841052,1,FALSE,FALSE,8,0,0,100,,14,TRUE,1.1,0.9,
Seven Hills Wind,1850,0,1,,-40.23093447,40.23093447,1,FALSE,TRUE,3,0,0,122.4,,17,TRUE,1.1,0.9,
Roscommon solar,1851,0,1,,-32,32,1,FALSE,FALSE,5,0,0,100,,23,TRUE,1.1,0.9,
Creggs Solar Farm,1851,0,1,,-24.61022238,24.61022238,1,FALSE,TRUE,3,0,0,75,,23,TRUE,1.1,0.9,
Test_PV_4,1852,0,1,,-32,32,1,FALSE,FALSE,5,0,0,100,,23,TRUE,1.1,0.9,
Ballygar storage,1852,0,1,105,-32.86841052,32.86841052,1,FALSE,FALSE,3,0,-100,100,,14,TRUE,1.1,0.9,
Great Island Offshore,1853,0,1,,-124.1999892,124.1999892,1,FALSE,TRUE,11,0,0,378,,16,TRUE,1.1,0.9,
Knockfinglas,1856,0,1,,-197.2104631,197.2104631,1,FALSE,TRUE,5,0,40,600,,9,TRUE,1.1,0.9,
Rathcoursey Solar,1857,0,1,,-25.6373602,25.6373602,1,FALSE,TRUE,10,0,0,78,,23,TRUE,1.1,0.9,
Rathcoursey BESS,1857,0,1,,-20.37841452,20.37841452,1,FALSE,TRUE,10,0,-62,62,,14,TRUE,1.1,0.9,
Ballydonagh Solar ,1858,0,1,,-29.58156947,29.58156947,1,FALSE,TRUE,3,0,0,90,,23,TRUE,1.1,0.9,
 Old Court Solar,1861,0,1,,-29.58156947,29.58156947,1,FALSE,TRUE,11,0,0,90,,23,TRUE,1.1,0.9,
Reask,1859,0,1,,-18.07762579,18.07762579,1,FALSE,TRUE,11,0,0,55,,23,TRUE,1.1,0.9,
Kilrue,1859,0,1,,-64.09340052,64.09340052,1,FALSE,TRUE,11,0,0,195,,23,TRUE,1.1,0.9,
Darthogue,1859,0,1,,-15.44815295,15.44815295,1,FALSE,TRUE,11,0,0,47,,23,TRUE,1.1,0.9,
Darthogue Solar Farm Extension,1859,0,1,,-23.00788737,23.00788737,1,FALSE,TRUE,11,0,0,70,,23,TRUE,1.1,0.9,
Darthogue Solar Farm Extension 2,1622,0,1,,-4.601577473,4.601577473,1,FALSE,TRUE,11,0,0,14,,23,TRUE,1.1,0.9,
Reask Phase 2,1859,0,1,,-9.860523157,9.860523157,1,FALSE,TRUE,11,0,0,30,,23,TRUE,1.1,0.9,
Gortawee BESS,1620,0,1,,-24.65130789,24.65130789,1,FALSE,TRUE,1,0,-75,75,,14,TRUE,1.1,0.9,
Shannonbridge TEG2,1476,0,1,,-85.4568,85.4568,1,FALSE,TRUE,3,0,0,260,,9,TRUE,1.1,0.9,
Tawnamore BESS,1444,0,1,,-25,25,1,FALSE,TRUE,2,0,-80,80,,14,TRUE,1.1,0.9,
Knockraha Offshore,1867,0,1,,-124.1999892,124.1999892,1,FALSE,TRUE,11,0,0,378,,16,TRUE,1.1,0.9,
Creemore BESS,1430,0,1,105,-95.31839051,95.31839051,1,FALSE,TRUE,11,0,-290,290,,14,TRUE,1.1,0.9,
Shannonbridge BESS,1476,0,1,,-24.65130789,24.65130789,1,FALSE,TRUE,3,0,-75,75,,14,TRUE,1.1,0.9,
Inchamore Wind Farm ,1686,0,1,,-8.677260377,8.677260377,1,FALSE,FALSE,5,0,0,26.4,,17,TRUE,1.1,0.9,
Kildallan Solar,1802,0,1,,-43.45315289,43.45315289,1,FALSE,TRUE,3,0,0,130,,23,TRUE,1.1,0.9,
Knockanarragh Wind Farm,1868,0,1,,-16.5656789,16.5656789,1,FALSE,TRUE,7,0,0,50.4,,17,TRUE,1.1,0.9,
Kilrue Extension,1859,0,1,,-57.51971842,57.51971842,1,FALSE,TRUE,11,0,0,175,,23,TRUE,1.1,0.9,
Gortyrahily Wind Farm ,1869,0,1,,-28.20109623,28.20109623,1,FALSE,FALSE,5,0,0,85.8,,17,TRUE,1.1,0.9,
    'Killala' BESS,134,0,1.05,,-3.549788336,3.549788336,1,FALSE,TRUE,2,0,-11,11,67059,14,TRUE,1.1,0.9,
Shannonbridge BESS 1,1476,0,1,,-32.86841052,32.86841052,1,FALSE,TRUE,3,0,-75,100,,14,TRUE,1.1,0.9,
Inchicore BESS,757,0,1,40,-9.860523156,9.860523156,1,FALSE,TRUE,11,0,-30,30,,14,TRUE,1.1,0.9,
Cloncreen BESS,1121,0,1.05,21,-8.21710263,8.21710263,1,FALSE,TRUE,11,0,-25,25,,14,TRUE,1.1,0.9,
porterstown BESS,1591,0,1,35,-9.860523155,9.860523155,1,FALSE,TRUE,11,0,-30,30,,14,TRUE,1.1,0.9,
Midleton BESS,1543,0,1,,-26.29472842,26.29472842,1,FALSE,TRUE,10,0,-80,80,,14,TRUE,1.1,0.9,
Ballyoughter BESS (prev. Tonroe BESS),217,0,1,,-13.14736421,13.14736421,1,FALSE,TRUE,2,0,-40,40,,14,TRUE,1.1,0.9,
Silloge BESS,515,0,1,52.5,-13.14736421,13.14736421,1,FALSE,TRUE,7,0,-40,40,,14,TRUE,1.1,0.9,
Drumgoolan BESS,18,0,1,50,-13.47604831,13.47604831,1,FALSE,TRUE,7,0,-41,41,,14,TRUE,1.1,0.9,
Friarstown BESS,1692,0,1,31.5,-9.860523156,9.860523156,1,FALSE,TRUE,9,0,-30,30,,14,TRUE,1.1,0.9,
Lyrenacarriga BESS,1795,0,1.05,,-19.716,19.716,1,FALSE,TRUE,12,0,-60,60,91047,14,TRUE,1.1,0.9,
